
--INSERT

----USUARIO

INSERT INTO Usuario (RUT, Nombre, Email) VALUES ('11111111-1','Juan Pérez','juan.perez@mail.com');
INSERT INTO Usuario (RUT, Nombre, Email) VALUES ('11111112-2','María López','maria.lopez@mail.com');
INSERT INTO Usuario (RUT, Nombre, Email) VALUES ('11111113-3','Carlos Soto','carlos.soto@mail.com');
INSERT INTO Usuario (RUT, Nombre, Email) VALUES ('11111114-4','Ana Rivas','ana.rivas@mail.com');
INSERT INTO Usuario (RUT, Nombre, Email) VALUES ('11111115-5','Pedro Morales','pedro.morales@mail.com');
INSERT INTO Usuario (RUT, Nombre, Email) VALUES ('11111116-6','Claudia Torres','claudia.torres@mail.com');
INSERT INTO Usuario (RUT, Nombre, Email) VALUES ('11111117-7','Diego Fernández','diego.fernandez@mail.com');
INSERT INTO Usuario (RUT, Nombre, Email) VALUES ('11111118-8','Sofía Ramírez','sofia.ramirez@mail.com');
INSERT INTO Usuario (RUT, Nombre, Email) VALUES ('11111119-9','José Herrera','jose.herrera@mail.com');
INSERT INTO Usuario (RUT, Nombre, Email) VALUES ('11111120-0','Camila Castro','camila.castro@mail.com');

INSERT INTO Usuario (RUT, Nombre, Email) VALUES ('22222221-1','Andrés Vega','andres.vega@mail.com');
INSERT INTO Usuario (RUT, Nombre, Email) VALUES ('22222222-2','Fernanda Díaz','fernanda.diaz@mail.com');
INSERT INTO Usuario (RUT, Nombre, Email) VALUES ('22222223-3','Matías Fuentes','matias.fuentes@mail.com');
INSERT INTO Usuario (RUT, Nombre, Email) VALUES ('22222224-4','Valentina Molina','valentina.molina@mail.com');
INSERT INTO Usuario (RUT, Nombre, Email) VALUES ('22222225-5','Francisco Rojas','francisco.rojas@mail.com');
INSERT INTO Usuario (RUT, Nombre, Email) VALUES ('22222226-6','Isidora Paredes','isidora.paredes@mail.com');
INSERT INTO Usuario (RUT, Nombre, Email) VALUES ('22222227-7','Jorge Gutiérrez','jorge.gutierrez@mail.com');
INSERT INTO Usuario (RUT, Nombre, Email) VALUES ('22222228-8','Constanza Navarro','constanza.navarro@mail.com');
INSERT INTO Usuario (RUT, Nombre, Email) VALUES ('22222229-9','Nicolás Salazar','nicolas.salazar@mail.com');
INSERT INTO Usuario (RUT, Nombre, Email) VALUES ('22222230-0','Daniela Vargas','daniela.vargas@mail.com');

INSERT INTO Usuario (RUT, Nombre, Email) VALUES ('33333331-1','Rodrigo Cabrera','rodrigo.cabrera@mail.com');
INSERT INTO Usuario (RUT, Nombre, Email) VALUES ('33333332-2','Paula Peña','paula.pena@mail.com');
INSERT INTO Usuario (RUT, Nombre, Email) VALUES ('33333333-3','Felipe Bravo','felipe.bravo@mail.com');
INSERT INTO Usuario (RUT, Nombre, Email) VALUES ('33333334-4','Carolina Silva','carolina.silva@mail.com');
INSERT INTO Usuario (RUT, Nombre, Email) VALUES ('33333335-5','Alejandro Reyes','alejandro.reyes@mail.com');
INSERT INTO Usuario (RUT, Nombre, Email) VALUES ('33333336-6','Francisca Araya','francisca.araya@mail.com');
INSERT INTO Usuario (RUT, Nombre, Email) VALUES ('33333337-7','Héctor León','hector.leon@mail.com');
INSERT INTO Usuario (RUT, Nombre, Email) VALUES ('33333338-8','Josefa Campos','josefa.campos@mail.com');
INSERT INTO Usuario (RUT, Nombre, Email) VALUES ('33333339-9','Sebastián Carrasco','sebastian.carrasco@mail.com');
INSERT INTO Usuario (RUT, Nombre, Email) VALUES ('33333340-0','Gabriela Cifuentes','gabriela.cifuentes@mail.com');

INSERT INTO Usuario (RUT, Nombre, Email) VALUES ('44444441-1','Tomás Muñoz','tomas.munoz@mail.com');
INSERT INTO Usuario (RUT, Nombre, Email) VALUES ('44444442-2','Mónica Aguilar','monica.aguilar@mail.com');
INSERT INTO Usuario (RUT, Nombre, Email) VALUES ('44444443-3','Ignacio Campos','ignacio.campos@mail.com');
INSERT INTO Usuario (RUT, Nombre, Email) VALUES ('44444444-4','Francisca Olivares','francisca.olivares@mail.com');
INSERT INTO Usuario (RUT, Nombre, Email) VALUES ('44444445-5','Luis Contreras','luis.contreras@mail.com');
INSERT INTO Usuario (RUT, Nombre, Email) VALUES ('44444446-6','Marcela Sepúlveda','marcela.sepulveda@mail.com');
INSERT INTO Usuario (RUT, Nombre, Email) VALUES ('44444447-7','Cristóbal Pino','cristobal.pino@mail.com');
INSERT INTO Usuario (RUT, Nombre, Email) VALUES ('44444448-8','Patricia Correa','patricia.correa@mail.com');
INSERT INTO Usuario (RUT, Nombre, Email) VALUES ('44444449-9','Ricardo Guzmán','ricardo.guzman@mail.com');
INSERT INTO Usuario (RUT, Nombre, Email) VALUES ('44444450-0','Katherine Vargas','katherine.vargas@mail.com');

INSERT INTO Usuario (RUT, Nombre, Email) VALUES ('55555551-1','Álvaro Henríquez','alvaro.henriquez@mail.com');
INSERT INTO Usuario (RUT, Nombre, Email) VALUES ('55555552-2','Natalia Soto','natalia.soto@mail.com');
INSERT INTO Usuario (RUT, Nombre, Email) VALUES ('55555553-3','Gonzalo Ramírez','gonzalo.ramirez@mail.com');
INSERT INTO Usuario (RUT, Nombre, Email) VALUES ('55555554-4','Pablo Herrera','pablo.herrera@mail.com');
INSERT INTO Usuario (RUT, Nombre, Email) VALUES ('55555555-5','Ximena Fuenzalida','ximena.fuenzalida@mail.com');
INSERT INTO Usuario (RUT, Nombre, Email) VALUES ('55555556-6','Eduardo Palma','eduardo.palma@mail.com');
INSERT INTO Usuario (RUT, Nombre, Email) VALUES ('55555557-7','Lorena Duarte','lorena.duarte@mail.com');
INSERT INTO Usuario (RUT, Nombre, Email) VALUES ('55555558-8','Vicente Sandoval','vicente.sandoval@mail.com');
INSERT INTO Usuario (RUT, Nombre, Email) VALUES ('55555559-9','Patricio Aravena','patricio.aravena@mail.com');
INSERT INTO Usuario (RUT, Nombre, Email) VALUES ('55555560-0','Verónica Salinas','veronica.salinas@mail.com');

-----



----Ingeniero

INSERT INTO Ingeniero (RUT, Nombre, Email, Especialidad) VALUES ('66666661-1','Andrea Herrera','andrea.herrera@mail.com','Backend');
INSERT INTO Ingeniero (RUT, Nombre, Email, Especialidad) VALUES ('66666662-2','Rodrigo Silva','rodrigo.silva@mail.com','Seguridad');
INSERT INTO Ingeniero (RUT, Nombre, Email, Especialidad) VALUES ('66666663-3','Camila Reyes','camila.reyes@mail.com','UX/UI');
INSERT INTO Ingeniero (RUT, Nombre, Email, Especialidad) VALUES ('66666664-4','Felipe Pizarro','felipe.pizarro@mail.com','Backend');
INSERT INTO Ingeniero (RUT, Nombre, Email, Especialidad) VALUES ('66666665-5','Valeria Contreras','valeria.contreras@mail.com','Seguridad');
INSERT INTO Ingeniero (RUT, Nombre, Email, Especialidad) VALUES ('66666666-6','Ignacio Morales','ignacio.morales@mail.com','UX/UI');
INSERT INTO Ingeniero (RUT, Nombre, Email, Especialidad) VALUES ('66666667-7','Carolina Ríos','carolina.rios@mail.com','Backend');
INSERT INTO Ingeniero (RUT, Nombre, Email, Especialidad) VALUES ('66666668-8','Nicolás Álvarez','nicolas.alvarez@mail.com','Seguridad');
INSERT INTO Ingeniero (RUT, Nombre, Email, Especialidad) VALUES ('66666669-9','Fernanda Ortega','fernanda.ortega@mail.com','UX/UI');
INSERT INTO Ingeniero (RUT, Nombre, Email, Especialidad) VALUES ('66666670-0','Javier Castro','javier.castro@mail.com','Backend');

INSERT INTO Ingeniero (RUT, Nombre, Email, Especialidad) VALUES ('77777771-1','Mariana Soto','mariana.soto@mail.com','Seguridad');
INSERT INTO Ingeniero (RUT, Nombre, Email, Especialidad) VALUES ('77777772-2','Tomás Peña','tomas.pena@mail.com','UX/UI');
INSERT INTO Ingeniero (RUT, Nombre, Email, Especialidad) VALUES ('77777773-3','Josefina López','josefina.lopez@mail.com','Backend');
INSERT INTO Ingeniero (RUT, Nombre, Email, Especialidad) VALUES ('77777774-4','Cristian Vera','cristian.vera@mail.com','Seguridad');
INSERT INTO Ingeniero (RUT, Nombre, Email, Especialidad) VALUES ('77777775-5','Antonia Cárdenas','antonia.cardenas@mail.com','UX/UI');
INSERT INTO Ingeniero (RUT, Nombre, Email, Especialidad) VALUES ('77777776-6','Benjamín Salas','benjamin.salas@mail.com','Backend');
INSERT INTO Ingeniero (RUT, Nombre, Email, Especialidad) VALUES ('77777777-7','Daniela Bravo','daniela.bravo@mail.com','Seguridad');
INSERT INTO Ingeniero (RUT, Nombre, Email, Especialidad) VALUES ('77777778-8','Cristóbal Navarro','cristobal.navarro@mail.com','UX/UI');
INSERT INTO Ingeniero (RUT, Nombre, Email, Especialidad) VALUES ('77777779-9','Francisca Fuentes','francisca.fuentes@mail.com','Backend');
INSERT INTO Ingeniero (RUT, Nombre, Email, Especialidad) VALUES ('77777780-0','Matías Riquelme','matias.riquelme@mail.com','Seguridad');

INSERT INTO Ingeniero (RUT, Nombre, Email, Especialidad) VALUES ('88888881-1','Alejandra González','alejandra.gonzalez@mail.com','UX/UI');
INSERT INTO Ingeniero (RUT, Nombre, Email, Especialidad) VALUES ('88888882-2','Esteban Díaz','esteban.diaz@mail.com','Backend');
INSERT INTO Ingeniero (RUT, Nombre, Email, Especialidad) VALUES ('88888883-3','Valentina Araya','valentina.araya@mail.com','Seguridad');
INSERT INTO Ingeniero (RUT, Nombre, Email, Especialidad) VALUES ('88888884-4','Luis Palma','luis.palma@mail.com','UX/UI');
INSERT INTO Ingeniero (RUT, Nombre, Email, Especialidad) VALUES ('88888885-5','Catalina Godoy','catalina.godoy@mail.com','Backend');
INSERT INTO Ingeniero (RUT, Nombre, Email, Especialidad) VALUES ('88888886-6','Hernán Tapia','hernan.tapia@mail.com','Seguridad');
INSERT INTO Ingeniero (RUT, Nombre, Email, Especialidad) VALUES ('88888887-7','Rocío Miranda','rocio.miranda@mail.com','UX/UI');
INSERT INTO Ingeniero (RUT, Nombre, Email, Especialidad) VALUES ('88888888-8','Pablo Saavedra','pablo.saavedra@mail.com','Backend');
INSERT INTO Ingeniero (RUT, Nombre, Email, Especialidad) VALUES ('88888889-9','Natalia Herrera','natalia.herrera@mail.com','Seguridad');
INSERT INTO Ingeniero (RUT, Nombre, Email, Especialidad) VALUES ('88888890-0','Fernando Espinoza','fernando.espinoza@mail.com','UX/UI');

INSERT INTO Ingeniero (RUT, Nombre, Email, Especialidad) VALUES ('99999991-1','Joaquín Olivares','joaquin.olivares@mail.com','Backend');
INSERT INTO Ingeniero (RUT, Nombre, Email, Especialidad) VALUES ('99999992-2','Trinidad Castro','trinidad.castro@mail.com','Seguridad');
INSERT INTO Ingeniero (RUT, Nombre, Email, Especialidad) VALUES ('99999993-3','Vicente Pardo','vicente.pardo@mail.com','UX/UI');
INSERT INTO Ingeniero (RUT, Nombre, Email, Especialidad) VALUES ('99999994-4','Carla Moya','carla.moya@mail.com','Backend');
INSERT INTO Ingeniero (RUT, Nombre, Email, Especialidad) VALUES ('99999995-5','Sergio Loyola','sergio.loyola@mail.com','Seguridad');
INSERT INTO Ingeniero (RUT, Nombre, Email, Especialidad) VALUES ('99999996-6','Florencia Aguilar','florencia.aguilar@mail.com','UX/UI');
INSERT INTO Ingeniero (RUT, Nombre, Email, Especialidad) VALUES ('99999997-7','Mauricio Campos','mauricio.campos@mail.com','Backend');
INSERT INTO Ingeniero (RUT, Nombre, Email, Especialidad) VALUES ('99999998-8','Josefa Díaz','josefa.diaz@mail.com','Seguridad');
INSERT INTO Ingeniero (RUT, Nombre, Email, Especialidad) VALUES ('99999999-9','Cristina Rojas','cristina.rojas@mail.com','UX/UI');
INSERT INTO Ingeniero (RUT, Nombre, Email, Especialidad) VALUES ('99999900-0','Arturo Delgado','arturo.delgado@mail.com','Backend');

INSERT INTO Ingeniero (RUT, Nombre, Email, Especialidad) VALUES ('10101011-1','Patricia Soto','patricia.soto@mail.com','Seguridad');
INSERT INTO Ingeniero (RUT, Nombre, Email, Especialidad) VALUES ('10101012-2','Camilo Vega','camilo.vega@mail.com','UX/UI');
INSERT INTO Ingeniero (RUT, Nombre, Email, Especialidad) VALUES ('10101013-3','Teresa Ramírez','teresa.ramirez@mail.com','Backend');
INSERT INTO Ingeniero (RUT, Nombre, Email, Especialidad) VALUES ('10101014-4','Simón Escobar','simon.escobar@mail.com','Seguridad');
INSERT INTO Ingeniero (RUT, Nombre, Email, Especialidad) VALUES ('10101015-5','Paulina Figueroa','paulina.figueroa@mail.com','UX/UI');
INSERT INTO Ingeniero (RUT, Nombre, Email, Especialidad) VALUES ('10101016-6','Gabriel Vargas','gabriel.vargas@mail.com','Backend');
INSERT INTO Ingeniero (RUT, Nombre, Email, Especialidad) VALUES ('10101017-7','Daniel Torres','daniel.torres@mail.com','Seguridad');
INSERT INTO Ingeniero (RUT, Nombre, Email, Especialidad) VALUES ('10101018-8','Josefina Riquelme','josefina.riquelme@mail.com','UX/UI');
INSERT INTO Ingeniero (RUT, Nombre, Email, Especialidad) VALUES ('10101019-9','Agustín Cordero','agustin.cordero@mail.com','Backend');
INSERT INTO Ingeniero (RUT, Nombre, Email, Especialidad) VALUES ('10101020-0','Isabel Godoy','isabel.godoy@mail.com','Seguridad');



INSERT INTO Ingeniero (RUT, Nombre, Email, Especialidad) VALUES ('20202021-1','Luis González','luis.gonzalez@mail.com','Backend,Seguridad');
INSERT INTO Ingeniero (RUT, Nombre, Email, Especialidad) VALUES ('20202022-2','María Torres','maria.torres@mail.com','UX/UI,Backend');
INSERT INTO Ingeniero (RUT, Nombre, Email, Especialidad) VALUES ('20202023-3','Felipe Navarro','felipe.navarro@mail.com','Seguridad,UX/UI');
INSERT INTO Ingeniero (RUT, Nombre, Email, Especialidad) VALUES ('20202024-4','Camila Rojas','camila.rojas@mail.com','Backend,UX/UI');
INSERT INTO Ingeniero (RUT, Nombre, Email, Especialidad) VALUES ('20202025-5','Andrés Salinas','andres.salinas@mail.com','Seguridad,Backend');
INSERT INTO Ingeniero (RUT, Nombre, Email, Especialidad) VALUES ('20202026-6','Valentina Muñoz','valentina.munoz@mail.com','UX/UI,Seguridad');
INSERT INTO Ingeniero (RUT, Nombre, Email, Especialidad) VALUES ('20202027-7','Tomás Herrera','tomas.herrera@mail.com','Backend,Seguridad');
INSERT INTO Ingeniero (RUT, Nombre, Email, Especialidad) VALUES ('20202028-8','Fernanda Reyes','fernanda.reyes@mail.com','UX/UI,Backend');
INSERT INTO Ingeniero (RUT, Nombre, Email, Especialidad) VALUES ('20202029-9','Gonzalo Castro','gonzalo.castro@mail.com','Seguridad,UX/UI');
INSERT INTO Ingeniero (RUT, Nombre, Email, Especialidad) VALUES ('20202030-0','Daniela Fuentes','daniela.fuentes@mail.com','Backend,UX/UI');

INSERT INTO Ingeniero (RUT, Nombre, Email, Especialidad) VALUES ('20202031-1','Cristóbal Vega','cristobal.vega@mail.com','Seguridad,Backend');
INSERT INTO Ingeniero (RUT, Nombre, Email, Especialidad) VALUES ('20202032-2','Isidora Bravo','isidora.bravo@mail.com','UX/UI,Seguridad');
INSERT INTO Ingeniero (RUT, Nombre, Email, Especialidad) VALUES ('20202033-3','Rodrigo Morales','rodrigo.morales@mail.com','Backend,UX/UI');
INSERT INTO Ingeniero (RUT, Nombre, Email, Especialidad) VALUES ('20202034-4','Josefa Araya','josefa.araya@mail.com','Seguridad,UX/UI');
INSERT INTO Ingeniero (RUT, Nombre, Email, Especialidad) VALUES ('20202035-5','Ignacio Contreras','ignacio.contreras@mail.com','Backend,Seguridad');
INSERT INTO Ingeniero (RUT, Nombre, Email, Especialidad) VALUES ('20202036-6','Claudia Espinoza','claudia.espinoza@mail.com','UX/UI,Backend');
INSERT INTO Ingeniero (RUT, Nombre, Email, Especialidad) VALUES ('20202037-7','Sebastián Pizarro','sebastian.pizarro@mail.com','Seguridad,Backend');
INSERT INTO Ingeniero (RUT, Nombre, Email, Especialidad) VALUES ('20202038-8','Paula Ramírez','paula.ramirez@mail.com','UX/UI,Seguridad');
INSERT INTO Ingeniero (RUT, Nombre, Email, Especialidad) VALUES ('20202039-9','Héctor Olivares','hector.olivares@mail.com','Backend,UX/UI');
INSERT INTO Ingeniero (RUT, Nombre, Email, Especialidad) VALUES ('20202040-0','Gabriela Cárdenas','gabriela.cardenas@mail.com','Seguridad,UX/UI');




----



----Error

INSERT INTO Error (Titulo, Descripcion, Fecha, Topico, Autor, Estado) VALUES ('Error 001 - Incidencia detectada', 'Descripción breve del error número 1, afecta funcionamiento parcial del sistema.', '2024-09-28', 'UX/UI', '11111119-9', 'Resuelto');
INSERT INTO Error (Titulo, Descripcion, Fecha, Topico, Autor, Estado) VALUES ('Error 002 - Incidencia detectada', 'Descripción breve del error número 2, afecta funcionamiento parcial del sistema.', '2020-01-01', 'UX/UI', '55555555-5', 'Abierto');
INSERT INTO Error (Titulo, Descripcion, Fecha, Topico, Autor, Estado) VALUES ('Error 003 - Incidencia detectada', 'Descripción breve del error número 3, afecta funcionamiento parcial del sistema.', '2022-05-24', 'Seguridad', '44444449-9', 'En Progreso');
INSERT INTO Error (Titulo, Descripcion, Fecha, Topico, Autor, Estado) VALUES ('Error 004 - Incidencia detectada', 'Descripción breve del error número 4, afecta funcionamiento parcial del sistema.', '2022-06-09', 'Backend', '33333338-8', 'Resuelto');
INSERT INTO Error (Titulo, Descripcion, Fecha, Topico, Autor, Estado) VALUES ('Error 005 - Incidencia detectada', 'Descripción breve del error número 5, afecta funcionamiento parcial del sistema.', '2023-04-04', 'Seguridad', '22222222-2', 'Resuelto');
INSERT INTO Error (Titulo, Descripcion, Fecha, Topico, Autor, Estado) VALUES ('Error 006 - Incidencia detectada', 'Descripción breve del error número 6, afecta funcionamiento parcial del sistema.', '2024-11-23', 'Seguridad', '44444445-5', 'Resuelto');
INSERT INTO Error (Titulo, Descripcion, Fecha, Topico, Autor, Estado) VALUES ('Error 007 - Incidencia detectada', 'Descripción breve del error número 7, afecta funcionamiento parcial del sistema.', '2023-11-24', 'Backend', '44444449-9', 'Abierto');
INSERT INTO Error (Titulo, Descripcion, Fecha, Topico, Autor, Estado) VALUES ('Error 008 - Incidencia detectada', 'Descripción breve del error número 8, afecta funcionamiento parcial del sistema.', '2022-09-15', 'Backend', '11111120-0', 'Resuelto');
INSERT INTO Error (Titulo, Descripcion, Fecha, Topico, Autor, Estado) VALUES ('Error 009 - Incidencia detectada', 'Descripción breve del error número 9, afecta funcionamiento parcial del sistema.', '2022-01-26', 'Seguridad', '11111116-6', 'Abierto');
INSERT INTO Error (Titulo, Descripcion, Fecha, Topico, Autor, Estado) VALUES ('Error 010 - Incidencia detectada', 'Descripción breve del error número 10, afecta funcionamiento parcial del sistema.', '2025-04-14', 'Seguridad', '44444442-2', 'Cerrado');
INSERT INTO Error (Titulo, Descripcion, Fecha, Topico, Autor, Estado) VALUES ('Error 011 - Incidencia detectada', 'Descripción breve del error número 11, afecta funcionamiento parcial del sistema.', '2022-09-18', 'UX/UI', '33333336-6', 'Cerrado');
INSERT INTO Error (Titulo, Descripcion, Fecha, Topico, Autor, Estado) VALUES ('Error 012 - Incidencia detectada', 'Descripción breve del error número 12, afecta funcionamiento parcial del sistema.', '2020-01-21', 'Seguridad', '44444448-8', 'Cerrado');
INSERT INTO Error (Titulo, Descripcion, Fecha, Topico, Autor, Estado) VALUES ('Error 013 - Incidencia detectada', 'Descripción breve del error número 13, afecta funcionamiento parcial del sistema.', '2023-11-17', 'Backend', '44444447-7', 'Cerrado');
INSERT INTO Error (Titulo, Descripcion, Fecha, Topico, Autor, Estado) VALUES ('Error 014 - Incidencia detectada', 'Descripción breve del error número 14, afecta funcionamiento parcial del sistema.', '2020-03-29', 'Backend', '33333338-8', 'Abierto');
INSERT INTO Error (Titulo, Descripcion, Fecha, Topico, Autor, Estado) VALUES ('Error 015 - Incidencia detectada', 'Descripción breve del error número 15, afecta funcionamiento parcial del sistema.', '2022-08-13', 'Seguridad', '55555557-7', 'Resuelto');
INSERT INTO Error (Titulo, Descripcion, Fecha, Topico, Autor, Estado) VALUES ('Error 016 - Incidencia detectada', 'Descripción breve del error número 16, afecta funcionamiento parcial del sistema.', '2023-07-24', 'UX/UI', '22222221-1', 'Cerrado');
INSERT INTO Error (Titulo, Descripcion, Fecha, Topico, Autor, Estado) VALUES ('Error 017 - Incidencia detectada', 'Descripción breve del error número 17, afecta funcionamiento parcial del sistema.', '2021-12-14', 'Seguridad', '22222225-5', 'Resuelto');
INSERT INTO Error (Titulo, Descripcion, Fecha, Topico, Autor, Estado) VALUES ('Error 018 - Incidencia detectada', 'Descripción breve del error número 18, afecta funcionamiento parcial del sistema.', '2022-11-21', 'Backend', '44444447-7', 'Abierto');
INSERT INTO Error (Titulo, Descripcion, Fecha, Topico, Autor, Estado) VALUES ('Error 019 - Incidencia detectada', 'Descripción breve del error número 19, afecta funcionamiento parcial del sistema.', '2024-10-24', 'UX/UI', '33333338-8', 'Cerrado');
INSERT INTO Error (Titulo, Descripcion, Fecha, Topico, Autor, Estado) VALUES ('Error 020 - Incidencia detectada', 'Descripción breve del error número 20, afecta funcionamiento parcial del sistema.', '2022-08-12', 'Backend', '11111114-4', 'Cerrado');
INSERT INTO Error (Titulo, Descripcion, Fecha, Topico, Autor, Estado) VALUES ('Error 021 - Incidencia detectada', 'Descripción breve del error número 21, afecta funcionamiento parcial del sistema.', '2022-02-20', 'Backend', '22222224-4', 'Abierto');
INSERT INTO Error (Titulo, Descripcion, Fecha, Topico, Autor, Estado) VALUES ('Error 022 - Incidencia detectada', 'Descripción breve del error número 22, afecta funcionamiento parcial del sistema.', '2021-01-05', 'Backend', '11111114-4', 'En Progreso');
INSERT INTO Error (Titulo, Descripcion, Fecha, Topico, Autor, Estado) VALUES ('Error 023 - Incidencia detectada', 'Descripción breve del error número 23, afecta funcionamiento parcial del sistema.', '2021-01-09', 'Seguridad', '22222221-1', 'Abierto');
INSERT INTO Error (Titulo, Descripcion, Fecha, Topico, Autor, Estado) VALUES ('Error 024 - Incidencia detectada', 'Descripción breve del error número 24, afecta funcionamiento parcial del sistema.', '2022-07-02', 'Backend', '55555556-6', 'En Progreso');
INSERT INTO Error (Titulo, Descripcion, Fecha, Topico, Autor, Estado) VALUES ('Error 025 - Incidencia detectada', 'Descripción breve del error número 25, afecta funcionamiento parcial del sistema.', '2020-03-12', 'Seguridad', '55555558-8', 'Abierto');
INSERT INTO Error (Titulo, Descripcion, Fecha, Topico, Autor, Estado) VALUES ('Error 026 - Incidencia detectada', 'Descripción breve del error número 26, afecta funcionamiento parcial del sistema.', '2020-07-18', 'Backend', '55555557-7', 'En Progreso');
INSERT INTO Error (Titulo, Descripcion, Fecha, Topico, Autor, Estado) VALUES ('Error 027 - Incidencia detectada', 'Descripción breve del error número 27, afecta funcionamiento parcial del sistema.', '2024-04-29', 'Seguridad', '44444450-0', 'Resuelto');
INSERT INTO Error (Titulo, Descripcion, Fecha, Topico, Autor, Estado) VALUES ('Error 028 - Incidencia detectada', 'Descripción breve del error número 28, afecta funcionamiento parcial del sistema.', '2022-03-28', 'Backend', '33333335-5', 'Cerrado');
INSERT INTO Error (Titulo, Descripcion, Fecha, Topico, Autor, Estado) VALUES ('Error 029 - Incidencia detectada', 'Descripción breve del error número 29, afecta funcionamiento parcial del sistema.', '2022-03-07', 'Seguridad', '11111116-6', 'Resuelto');
INSERT INTO Error (Titulo, Descripcion, Fecha, Topico, Autor, Estado) VALUES ('Error 030 - Incidencia detectada', 'Descripción breve del error número 30, afecta funcionamiento parcial del sistema.', '2020-09-29', 'UX/UI', '55555556-6', 'Abierto');
INSERT INTO Error (Titulo, Descripcion, Fecha, Topico, Autor, Estado) VALUES ('Error 031 - Incidencia detectada', 'Descripción breve del error número 31, afecta funcionamiento parcial del sistema.', '2021-02-18', 'UX/UI', '55555556-6', 'Resuelto');
INSERT INTO Error (Titulo, Descripcion, Fecha, Topico, Autor, Estado) VALUES ('Error 032 - Incidencia detectada', 'Descripción breve del error número 32, afecta funcionamiento parcial del sistema.', '2021-02-25', 'Backend', '33333340-0', 'Cerrado');
INSERT INTO Error (Titulo, Descripcion, Fecha, Topico, Autor, Estado) VALUES ('Error 033 - Incidencia detectada', 'Descripción breve del error número 33, afecta funcionamiento parcial del sistema.', '2021-02-12', 'Seguridad', '44444449-9', 'En Progreso');
INSERT INTO Error (Titulo, Descripcion, Fecha, Topico, Autor, Estado) VALUES ('Error 034 - Incidencia detectada', 'Descripción breve del error número 34, afecta funcionamiento parcial del sistema.', '2025-02-27', 'Seguridad', '22222227-7', 'Abierto');
INSERT INTO Error (Titulo, Descripcion, Fecha, Topico, Autor, Estado) VALUES ('Error 035 - Incidencia detectada', 'Descripción breve del error número 35, afecta funcionamiento parcial del sistema.', '2023-12-21', 'Backend', '44444445-5', 'En Progreso');
INSERT INTO Error (Titulo, Descripcion, Fecha, Topico, Autor, Estado) VALUES ('Error 036 - Incidencia detectada', 'Descripción breve del error número 36, afecta funcionamiento parcial del sistema.', '2025-01-14', 'Backend', '55555560-0', 'Abierto');
INSERT INTO Error (Titulo, Descripcion, Fecha, Topico, Autor, Estado) VALUES ('Error 037 - Incidencia detectada', 'Descripción breve del error número 37, afecta funcionamiento parcial del sistema.', '2025-04-03', 'Seguridad', '11111119-9', 'Abierto');
INSERT INTO Error (Titulo, Descripcion, Fecha, Topico, Autor, Estado) VALUES ('Error 038 - Incidencia detectada', 'Descripción breve del error número 38, afecta funcionamiento parcial del sistema.', '2023-07-07', 'Seguridad', '33333332-2', 'Resuelto');
INSERT INTO Error (Titulo, Descripcion, Fecha, Topico, Autor, Estado) VALUES ('Error 039 - Incidencia detectada', 'Descripción breve del error número 39, afecta funcionamiento parcial del sistema.', '2021-06-18', 'UX/UI', '11111119-9', 'Resuelto');
INSERT INTO Error (Titulo, Descripcion, Fecha, Topico, Autor, Estado) VALUES ('Error 040 - Incidencia detectada', 'Descripción breve del error número 40, afecta funcionamiento parcial del sistema.', '2020-07-08', 'UX/UI', '33333335-5', 'Abierto');
INSERT INTO Error (Titulo, Descripcion, Fecha, Topico, Autor, Estado) VALUES ('Error 041 - Incidencia detectada', 'Descripción breve del error número 41, afecta funcionamiento parcial del sistema.', '2021-03-16', 'Seguridad', '55555552-2', 'En Progreso');
INSERT INTO Error (Titulo, Descripcion, Fecha, Topico, Autor, Estado) VALUES ('Error 042 - Incidencia detectada', 'Descripción breve del error número 42, afecta funcionamiento parcial del sistema.', '2020-05-17', 'UX/UI', '44444444-4', 'Resuelto');
INSERT INTO Error (Titulo, Descripcion, Fecha, Topico, Autor, Estado) VALUES ('Error 043 - Incidencia detectada', 'Descripción breve del error número 43, afecta funcionamiento parcial del sistema.', '2020-05-12', 'Backend', '11111116-6', 'Resuelto');
INSERT INTO Error (Titulo, Descripcion, Fecha, Topico, Autor, Estado) VALUES ('Error 044 - Incidencia detectada', 'Descripción breve del error número 44, afecta funcionamiento parcial del sistema.', '2022-09-29', 'UX/UI', '11111119-9', 'Cerrado');
INSERT INTO Error (Titulo, Descripcion, Fecha, Topico, Autor, Estado) VALUES ('Error 045 - Incidencia detectada', 'Descripción breve del error número 45, afecta funcionamiento parcial del sistema.', '2022-08-04', 'Seguridad', '44444444-4', 'Abierto');
INSERT INTO Error (Titulo, Descripcion, Fecha, Topico, Autor, Estado) VALUES ('Error 046 - Incidencia detectada', 'Descripción breve del error número 46, afecta funcionamiento parcial del sistema.', '2021-12-16', 'Seguridad', '22222223-3', 'Resuelto');
INSERT INTO Error (Titulo, Descripcion, Fecha, Topico, Autor, Estado) VALUES ('Error 047 - Incidencia detectada', 'Descripción breve del error número 47, afecta funcionamiento parcial del sistema.', '2022-04-07', 'Seguridad', '44444447-7', 'En Progreso');
INSERT INTO Error (Titulo, Descripcion, Fecha, Topico, Autor, Estado) VALUES ('Error 048 - Incidencia detectada', 'Descripción breve del error número 48, afecta funcionamiento parcial del sistema.', '2023-11-16', 'Seguridad', '22222226-6', 'Abierto');
INSERT INTO Error (Titulo, Descripcion, Fecha, Topico, Autor, Estado) VALUES ('Error 049 - Incidencia detectada', 'Descripción breve del error número 49, afecta funcionamiento parcial del sistema.', '2023-08-24', 'Seguridad', '11111114-4', 'Abierto');
INSERT INTO Error (Titulo, Descripcion, Fecha, Topico, Autor, Estado) VALUES ('Error 050 - Incidencia detectada', 'Descripción breve del error número 50, afecta funcionamiento parcial del sistema.', '2021-08-01', 'UX/UI', '22222228-8', 'En Progreso');
INSERT INTO Error (Titulo, Descripcion, Fecha, Topico, Autor, Estado) VALUES ('Error 051 - Incidencia detectada', 'Descripción breve del error número 51, afecta funcionamiento parcial del sistema.', '2021-05-21', 'Seguridad', '11111118-8', 'Abierto');
INSERT INTO Error (Titulo, Descripcion, Fecha, Topico, Autor, Estado) VALUES ('Error 052 - Incidencia detectada', 'Descripción breve del error número 52, afecta funcionamiento parcial del sistema.', '2024-04-01', 'Seguridad', '44444449-9', 'Abierto');
INSERT INTO Error (Titulo, Descripcion, Fecha, Topico, Autor, Estado) VALUES ('Error 053 - Incidencia detectada', 'Descripción breve del error número 53, afecta funcionamiento parcial del sistema.', '2022-08-30', 'Seguridad', '22222224-4', 'Cerrado');
INSERT INTO Error (Titulo, Descripcion, Fecha, Topico, Autor, Estado) VALUES ('Error 054 - Incidencia detectada', 'Descripción breve del error número 54, afecta funcionamiento parcial del sistema.', '2020-02-08', 'Backend', '44444449-9', 'En Progreso');
INSERT INTO Error (Titulo, Descripcion, Fecha, Topico, Autor, Estado) VALUES ('Error 055 - Incidencia detectada', 'Descripción breve del error número 55, afecta funcionamiento parcial del sistema.', '2020-10-03', 'Seguridad', '11111111-1', 'En Progreso');
INSERT INTO Error (Titulo, Descripcion, Fecha, Topico, Autor, Estado) VALUES ('Error 056 - Incidencia detectada', 'Descripción breve del error número 56, afecta funcionamiento parcial del sistema.', '2023-03-01', 'Backend', '33333333-3', 'Abierto');
INSERT INTO Error (Titulo, Descripcion, Fecha, Topico, Autor, Estado) VALUES ('Error 057 - Incidencia detectada', 'Descripción breve del error número 57, afecta funcionamiento parcial del sistema.', '2021-09-26', 'Seguridad', '33333336-6', 'Resuelto');
INSERT INTO Error (Titulo, Descripcion, Fecha, Topico, Autor, Estado) VALUES ('Error 058 - Incidencia detectada', 'Descripción breve del error número 58, afecta funcionamiento parcial del sistema.', '2023-02-25', 'Backend', '11111120-0', 'En Progreso');
INSERT INTO Error (Titulo, Descripcion, Fecha, Topico, Autor, Estado) VALUES ('Error 059 - Incidencia detectada', 'Descripción breve del error número 59, afecta funcionamiento parcial del sistema.', '2021-11-03', 'Seguridad', '44444447-7', 'Resuelto');
INSERT INTO Error (Titulo, Descripcion, Fecha, Topico, Autor, Estado) VALUES ('Error 060 - Incidencia detectada', 'Descripción breve del error número 60, afecta funcionamiento parcial del sistema.', '2022-05-18', 'Seguridad', '11111116-6', 'Resuelto');
INSERT INTO Error (Titulo, Descripcion, Fecha, Topico, Autor, Estado) VALUES ('Error 061 - Incidencia detectada', 'Descripción breve del error número 61, afecta funcionamiento parcial del sistema.', '2024-09-17', 'Seguridad', '33333333-3', 'En Progreso');
INSERT INTO Error (Titulo, Descripcion, Fecha, Topico, Autor, Estado) VALUES ('Error 062 - Incidencia detectada', 'Descripción breve del error número 62, afecta funcionamiento parcial del sistema.', '2022-09-16', 'Backend', '33333332-2', 'Cerrado');
INSERT INTO Error (Titulo, Descripcion, Fecha, Topico, Autor, Estado) VALUES ('Error 063 - Incidencia detectada', 'Descripción breve del error número 63, afecta funcionamiento parcial del sistema.', '2023-11-23', 'Seguridad', '33333336-6', 'Resuelto');
INSERT INTO Error (Titulo, Descripcion, Fecha, Topico, Autor, Estado) VALUES ('Error 064 - Incidencia detectada', 'Descripción breve del error número 64, afecta funcionamiento parcial del sistema.', '2020-07-13', 'UX/UI', '44444447-7', 'Abierto');
INSERT INTO Error (Titulo, Descripcion, Fecha, Topico, Autor, Estado) VALUES ('Error 065 - Incidencia detectada', 'Descripción breve del error número 65, afecta funcionamiento parcial del sistema.', '2025-01-19', 'UX/UI', '44444444-4', 'Cerrado');
INSERT INTO Error (Titulo, Descripcion, Fecha, Topico, Autor, Estado) VALUES ('Error 066 - Incidencia detectada', 'Descripción breve del error número 66, afecta funcionamiento parcial del sistema.', '2020-02-06', 'Seguridad', '44444447-7', 'Cerrado');
INSERT INTO Error (Titulo, Descripcion, Fecha, Topico, Autor, Estado) VALUES ('Error 067 - Incidencia detectada', 'Descripción breve del error número 67, afecta funcionamiento parcial del sistema.', '2022-11-24', 'UX/UI', '44444441-1', 'Abierto');
INSERT INTO Error (Titulo, Descripcion, Fecha, Topico, Autor, Estado) VALUES ('Error 068 - Incidencia detectada', 'Descripción breve del error número 68, afecta funcionamiento parcial del sistema.', '2023-06-28', 'Backend', '22222222-2', 'Cerrado');
INSERT INTO Error (Titulo, Descripcion, Fecha, Topico, Autor, Estado) VALUES ('Error 069 - Incidencia detectada', 'Descripción breve del error número 69, afecta funcionamiento parcial del sistema.', '2021-01-10', 'Backend', '44444444-4', 'Abierto');
INSERT INTO Error (Titulo, Descripcion, Fecha, Topico, Autor, Estado) VALUES ('Error 070 - Incidencia detectada', 'Descripción breve del error número 70, afecta funcionamiento parcial del sistema.', '2021-08-14', 'Backend', '11111112-2', 'Resuelto');
INSERT INTO Error (Titulo, Descripcion, Fecha, Topico, Autor, Estado) VALUES ('Error 071 - Incidencia detectada', 'Descripción breve del error número 71, afecta funcionamiento parcial del sistema.', '2025-03-15', 'Backend', '55555558-8', 'Cerrado');
INSERT INTO Error (Titulo, Descripcion, Fecha, Topico, Autor, Estado) VALUES ('Error 072 - Incidencia detectada', 'Descripción breve del error número 72, afecta funcionamiento parcial del sistema.', '2024-05-04', 'Seguridad', '44444450-0', 'Abierto');
INSERT INTO Error (Titulo, Descripcion, Fecha, Topico, Autor, Estado) VALUES ('Error 073 - Incidencia detectada', 'Descripción breve del error número 73, afecta funcionamiento parcial del sistema.', '2025-01-20', 'UX/UI', '11111115-5', 'En Progreso');
INSERT INTO Error (Titulo, Descripcion, Fecha, Topico, Autor, Estado) VALUES ('Error 074 - Incidencia detectada', 'Descripción breve del error número 74, afecta funcionamiento parcial del sistema.', '2022-10-14', 'Backend', '11111117-7', 'Resuelto');
INSERT INTO Error (Titulo, Descripcion, Fecha, Topico, Autor, Estado) VALUES ('Error 075 - Incidencia detectada', 'Descripción breve del error número 75, afecta funcionamiento parcial del sistema.', '2024-07-08', 'Backend', '33333336-6', 'Abierto');
INSERT INTO Error (Titulo, Descripcion, Fecha, Topico, Autor, Estado) VALUES ('Error 076 - Incidencia detectada', 'Descripción breve del error número 76, afecta funcionamiento parcial del sistema.', '2023-10-05', 'UX/UI', '55555551-1', 'Resuelto');
INSERT INTO Error (Titulo, Descripcion, Fecha, Topico, Autor, Estado) VALUES ('Error 077 - Incidencia detectada', 'Descripción breve del error número 77, afecta funcionamiento parcial del sistema.', '2022-06-27', 'UX/UI', '44444445-5', 'Cerrado');
INSERT INTO Error (Titulo, Descripcion, Fecha, Topico, Autor, Estado) VALUES ('Error 078 - Incidencia detectada', 'Descripción breve del error número 78, afecta funcionamiento parcial del sistema.', '2023-08-19', 'Seguridad', '22222226-6', 'En Progreso');
INSERT INTO Error (Titulo, Descripcion, Fecha, Topico, Autor, Estado) VALUES ('Error 079 - Incidencia detectada', 'Descripción breve del error número 79, afecta funcionamiento parcial del sistema.', '2024-02-09', 'Seguridad', '33333335-5', 'Cerrado');
INSERT INTO Error (Titulo, Descripcion, Fecha, Topico, Autor, Estado) VALUES ('Error 080 - Incidencia detectada', 'Descripción breve del error número 80, afecta funcionamiento parcial del sistema.', '2021-05-26', 'Backend', '44444448-8', 'En Progreso');
INSERT INTO Error (Titulo, Descripcion, Fecha, Topico, Autor, Estado) VALUES ('Error 081 - Incidencia detectada', 'Descripción breve del error número 81, afecta funcionamiento parcial del sistema.', '2022-01-24', 'Backend', '33333339-9', 'Abierto');
INSERT INTO Error (Titulo, Descripcion, Fecha, Topico, Autor, Estado) VALUES ('Error 082 - Incidencia detectada', 'Descripción breve del error número 82, afecta funcionamiento parcial del sistema.', '2022-12-09', 'Backend', '55555556-6', 'Cerrado');
INSERT INTO Error (Titulo, Descripcion, Fecha, Topico, Autor, Estado) VALUES ('Error 083 - Incidencia detectada', 'Descripción breve del error número 83, afecta funcionamiento parcial del sistema.', '2025-03-21', 'UX/UI', '44444450-0', 'En Progreso');
INSERT INTO Error (Titulo, Descripcion, Fecha, Topico, Autor, Estado) VALUES ('Error 084 - Incidencia detectada', 'Descripción breve del error número 84, afecta funcionamiento parcial del sistema.', '2023-11-10', 'Backend', '22222221-1', 'En Progreso');
INSERT INTO Error (Titulo, Descripcion, Fecha, Topico, Autor, Estado) VALUES ('Error 085 - Incidencia detectada', 'Descripción breve del error número 85, afecta funcionamiento parcial del sistema.', '2022-07-09', 'UX/UI', '44444443-3', 'En Progreso');
INSERT INTO Error (Titulo, Descripcion, Fecha, Topico, Autor, Estado) VALUES ('Error 086 - Incidencia detectada', 'Descripción breve del error número 86, afecta funcionamiento parcial del sistema.', '2024-12-28', 'Seguridad', '22222223-3', 'Cerrado');
INSERT INTO Error (Titulo, Descripcion, Fecha, Topico, Autor, Estado) VALUES ('Error 087 - Incidencia detectada', 'Descripción breve del error número 87, afecta funcionamiento parcial del sistema.', '2023-03-06', 'Seguridad', '22222224-4', 'Resuelto');
INSERT INTO Error (Titulo, Descripcion, Fecha, Topico, Autor, Estado) VALUES ('Error 088 - Incidencia detectada', 'Descripción breve del error número 88, afecta funcionamiento parcial del sistema.', '2020-03-04', 'UX/UI', '22222228-8', 'En Progreso');
INSERT INTO Error (Titulo, Descripcion, Fecha, Topico, Autor, Estado) VALUES ('Error 089 - Incidencia detectada', 'Descripción breve del error número 89, afecta funcionamiento parcial del sistema.', '2024-03-06', 'UX/UI', '22222221-1', 'Abierto');
INSERT INTO Error (Titulo, Descripcion, Fecha, Topico, Autor, Estado) VALUES ('Error 090 - Incidencia detectada', 'Descripción breve del error número 90, afecta funcionamiento parcial del sistema.', '2020-04-13', 'UX/UI', '11111113-3', 'Abierto');
INSERT INTO Error (Titulo, Descripcion, Fecha, Topico, Autor, Estado) VALUES ('Error 091 - Incidencia detectada', 'Descripción breve del error número 91, afecta funcionamiento parcial del sistema.', '2024-12-26', 'Seguridad', '33333331-1', 'En Progreso');
INSERT INTO Error (Titulo, Descripcion, Fecha, Topico, Autor, Estado) VALUES ('Error 092 - Incidencia detectada', 'Descripción breve del error número 92, afecta funcionamiento parcial del sistema.', '2021-05-18', 'Seguridad', '33333340-0', 'En Progreso');
INSERT INTO Error (Titulo, Descripcion, Fecha, Topico, Autor, Estado) VALUES ('Error 093 - Incidencia detectada', 'Descripción breve del error número 93, afecta funcionamiento parcial del sistema.', '2020-09-20', 'Backend', '33333333-3', 'Resuelto');
INSERT INTO Error (Titulo, Descripcion, Fecha, Topico, Autor, Estado) VALUES ('Error 094 - Incidencia detectada', 'Descripción breve del error número 94, afecta funcionamiento parcial del sistema.', '2021-02-10', 'UX/UI', '22222222-2', 'Abierto');
INSERT INTO Error (Titulo, Descripcion, Fecha, Topico, Autor, Estado) VALUES ('Error 095 - Incidencia detectada', 'Descripción breve del error número 95, afecta funcionamiento parcial del sistema.', '2020-10-03', 'UX/UI', '22222228-8', 'Resuelto');
INSERT INTO Error (Titulo, Descripcion, Fecha, Topico, Autor, Estado) VALUES ('Error 096 - Incidencia detectada', 'Descripción breve del error número 96, afecta funcionamiento parcial del sistema.', '2023-05-18', 'UX/UI', '22222223-3', 'Cerrado');
INSERT INTO Error (Titulo, Descripcion, Fecha, Topico, Autor, Estado) VALUES ('Error 097 - Incidencia detectada', 'Descripción breve del error número 97, afecta funcionamiento parcial del sistema.', '2020-04-05', 'Seguridad', '55555551-1', 'Cerrado');
INSERT INTO Error (Titulo, Descripcion, Fecha, Topico, Autor, Estado) VALUES ('Error 098 - Incidencia detectada', 'Descripción breve del error número 98, afecta funcionamiento parcial del sistema.', '2023-11-02', 'UX/UI', '33333334-4', 'Cerrado');
INSERT INTO Error (Titulo, Descripcion, Fecha, Topico, Autor, Estado) VALUES ('Error 099 - Incidencia detectada', 'Descripción breve del error número 99, afecta funcionamiento parcial del sistema.', '2024-07-10', 'Seguridad', '44444442-2', 'Resuelto');
INSERT INTO Error (Titulo, Descripcion, Fecha, Topico, Autor, Estado) VALUES ('Error 100 - Incidencia detectada', 'Descripción breve del error número 100, afecta funcionamiento parcial del sistema.', '2020-10-05', 'Backend', '55555556-6', 'Abierto');
INSERT INTO Error (Titulo, Descripcion, Fecha, Topico, Autor, Estado) VALUES ('Error 101 - Incidencia detectada', 'Descripción breve del error número 101, afecta funcionamiento parcial del sistema.', '2023-04-28', 'UX/UI', '11111115-5', 'Cerrado');
INSERT INTO Error (Titulo, Descripcion, Fecha, Topico, Autor, Estado) VALUES ('Error 102 - Incidencia detectada', 'Descripción breve del error número 102, afecta funcionamiento parcial del sistema.', '2023-12-22', 'Seguridad', '44444445-5', 'Cerrado');
INSERT INTO Error (Titulo, Descripcion, Fecha, Topico, Autor, Estado) VALUES ('Error 103 - Incidencia detectada', 'Descripción breve del error número 103, afecta funcionamiento parcial del sistema.', '2021-02-15', 'UX/UI', '44444441-1', 'Resuelto');
INSERT INTO Error (Titulo, Descripcion, Fecha, Topico, Autor, Estado) VALUES ('Error 104 - Incidencia detectada', 'Descripción breve del error número 104, afecta funcionamiento parcial del sistema.', '2023-12-09', 'UX/UI', '55555558-8', 'Cerrado');
INSERT INTO Error (Titulo, Descripcion, Fecha, Topico, Autor, Estado) VALUES ('Error 105 - Incidencia detectada', 'Descripción breve del error número 105, afecta funcionamiento parcial del sistema.', '2021-02-13', 'Seguridad', '55555559-9', 'En Progreso');
INSERT INTO Error (Titulo, Descripcion, Fecha, Topico, Autor, Estado) VALUES ('Error 106 - Incidencia detectada', 'Descripción breve del error número 106, afecta funcionamiento parcial del sistema.', '2022-08-28', 'UX/UI', '22222225-5', 'Cerrado');
INSERT INTO Error (Titulo, Descripcion, Fecha, Topico, Autor, Estado) VALUES ('Error 107 - Incidencia detectada', 'Descripción breve del error número 107, afecta funcionamiento parcial del sistema.', '2021-11-30', 'Seguridad', '33333337-7', 'En Progreso');
INSERT INTO Error (Titulo, Descripcion, Fecha, Topico, Autor, Estado) VALUES ('Error 108 - Incidencia detectada', 'Descripción breve del error número 108, afecta funcionamiento parcial del sistema.', '2025-03-18', 'Backend', '33333332-2', 'Resuelto');
INSERT INTO Error (Titulo, Descripcion, Fecha, Topico, Autor, Estado) VALUES ('Error 109 - Incidencia detectada', 'Descripción breve del error número 109, afecta funcionamiento parcial del sistema.', '2025-03-24', 'Backend', '11111113-3', 'Resuelto');
INSERT INTO Error (Titulo, Descripcion, Fecha, Topico, Autor, Estado) VALUES ('Error 110 - Incidencia detectada', 'Descripción breve del error número 110, afecta funcionamiento parcial del sistema.', '2024-07-18', 'Backend', '22222221-1', 'Resuelto');
INSERT INTO Error (Titulo, Descripcion, Fecha, Topico, Autor, Estado) VALUES ('Error 111 - Incidencia detectada', 'Descripción breve del error número 111, afecta funcionamiento parcial del sistema.', '2021-11-05', 'Backend', '44444441-1', 'Cerrado');
INSERT INTO Error (Titulo, Descripcion, Fecha, Topico, Autor, Estado) VALUES ('Error 112 - Incidencia detectada', 'Descripción breve del error número 112, afecta funcionamiento parcial del sistema.', '2023-10-29', 'Backend', '55555560-0', 'Cerrado');
INSERT INTO Error (Titulo, Descripcion, Fecha, Topico, Autor, Estado) VALUES ('Error 113 - Incidencia detectada', 'Descripción breve del error número 113, afecta funcionamiento parcial del sistema.', '2025-04-16', 'Seguridad', '22222230-0', 'Abierto');
INSERT INTO Error (Titulo, Descripcion, Fecha, Topico, Autor, Estado) VALUES ('Error 114 - Incidencia detectada', 'Descripción breve del error número 114, afecta funcionamiento parcial del sistema.', '2020-10-19', 'Seguridad', '44444441-1', 'Abierto');
INSERT INTO Error (Titulo, Descripcion, Fecha, Topico, Autor, Estado) VALUES ('Error 115 - Incidencia detectada', 'Descripción breve del error número 115, afecta funcionamiento parcial del sistema.', '2021-06-11', 'Backend', '44444447-7', 'Resuelto');
INSERT INTO Error (Titulo, Descripcion, Fecha, Topico, Autor, Estado) VALUES ('Error 116 - Incidencia detectada', 'Descripción breve del error número 116, afecta funcionamiento parcial del sistema.', '2022-03-13', 'Backend', '22222225-5', 'Resuelto');
INSERT INTO Error (Titulo, Descripcion, Fecha, Topico, Autor, Estado) VALUES ('Error 117 - Incidencia detectada', 'Descripción breve del error número 117, afecta funcionamiento parcial del sistema.', '2020-07-22', 'UX/UI', '22222221-1', 'Abierto');
INSERT INTO Error (Titulo, Descripcion, Fecha, Topico, Autor, Estado) VALUES ('Error 118 - Incidencia detectada', 'Descripción breve del error número 118, afecta funcionamiento parcial del sistema.', '2023-06-30', 'UX/UI', '11111120-0', 'Cerrado');
INSERT INTO Error (Titulo, Descripcion, Fecha, Topico, Autor, Estado) VALUES ('Error 119 - Incidencia detectada', 'Descripción breve del error número 119, afecta funcionamiento parcial del sistema.', '2023-02-17', 'Seguridad', '44444444-4', 'Cerrado');
INSERT INTO Error (Titulo, Descripcion, Fecha, Topico, Autor, Estado) VALUES ('Error 120 - Incidencia detectada', 'Descripción breve del error número 120, afecta funcionamiento parcial del sistema.', '2020-08-24', 'UX/UI', '44444448-8', 'Cerrado');
INSERT INTO Error (Titulo, Descripcion, Fecha, Topico, Autor, Estado) VALUES ('Error 121 - Incidencia detectada', 'Descripción breve del error número 121, afecta funcionamiento parcial del sistema.', '2023-12-08', 'UX/UI', '33333338-8', 'Resuelto');
INSERT INTO Error (Titulo, Descripcion, Fecha, Topico, Autor, Estado) VALUES ('Error 122 - Incidencia detectada', 'Descripción breve del error número 122, afecta funcionamiento parcial del sistema.', '2021-03-24', 'Seguridad', '22222226-6', 'En Progreso');
INSERT INTO Error (Titulo, Descripcion, Fecha, Topico, Autor, Estado) VALUES ('Error 123 - Incidencia detectada', 'Descripción breve del error número 123, afecta funcionamiento parcial del sistema.', '2022-06-20', 'Backend', '11111118-8', 'Resuelto');
INSERT INTO Error (Titulo, Descripcion, Fecha, Topico, Autor, Estado) VALUES ('Error 124 - Incidencia detectada', 'Descripción breve del error número 124, afecta funcionamiento parcial del sistema.', '2022-11-07', 'Backend', '22222224-4', 'Abierto');
INSERT INTO Error (Titulo, Descripcion, Fecha, Topico, Autor, Estado) VALUES ('Error 125 - Incidencia detectada', 'Descripción breve del error número 125, afecta funcionamiento parcial del sistema.', '2022-03-05', 'Seguridad', '11111120-0', 'Abierto');
INSERT INTO Error (Titulo, Descripcion, Fecha, Topico, Autor, Estado) VALUES ('Error 126 - Incidencia detectada', 'Descripción breve del error número 126, afecta funcionamiento parcial del sistema.', '2021-04-27', 'Backend', '33333335-5', 'Resuelto');
INSERT INTO Error (Titulo, Descripcion, Fecha, Topico, Autor, Estado) VALUES ('Error 127 - Incidencia detectada', 'Descripción breve del error número 127, afecta funcionamiento parcial del sistema.', '2022-09-24', 'UX/UI', '33333336-6', 'Cerrado');
INSERT INTO Error (Titulo, Descripcion, Fecha, Topico, Autor, Estado) VALUES ('Error 128 - Incidencia detectada', 'Descripción breve del error número 128, afecta funcionamiento parcial del sistema.', '2022-05-01', 'UX/UI', '44444441-1', 'Abierto');
INSERT INTO Error (Titulo, Descripcion, Fecha, Topico, Autor, Estado) VALUES ('Error 129 - Incidencia detectada', 'Descripción breve del error número 129, afecta funcionamiento parcial del sistema.', '2025-05-10', 'Backend', '11111118-8', 'Cerrado');
INSERT INTO Error (Titulo, Descripcion, Fecha, Topico, Autor, Estado) VALUES ('Error 130 - Incidencia detectada', 'Descripción breve del error número 130, afecta funcionamiento parcial del sistema.', '2020-03-04', 'Backend', '11111117-7', 'Abierto');
INSERT INTO Error (Titulo, Descripcion, Fecha, Topico, Autor, Estado) VALUES ('Error 131 - Incidencia detectada', 'Descripción breve del error número 131, afecta funcionamiento parcial del sistema.', '2024-02-07', 'Seguridad', '55555555-5', 'Resuelto');
INSERT INTO Error (Titulo, Descripcion, Fecha, Topico, Autor, Estado) VALUES ('Error 132 - Incidencia detectada', 'Descripción breve del error número 132, afecta funcionamiento parcial del sistema.', '2023-07-28', 'Backend', '11111119-9', 'En Progreso');
INSERT INTO Error (Titulo, Descripcion, Fecha, Topico, Autor, Estado) VALUES ('Error 133 - Incidencia detectada', 'Descripción breve del error número 133, afecta funcionamiento parcial del sistema.', '2023-08-17', 'Backend', '33333339-9', 'Cerrado');
INSERT INTO Error (Titulo, Descripcion, Fecha, Topico, Autor, Estado) VALUES ('Error 134 - Incidencia detectada', 'Descripción breve del error número 134, afecta funcionamiento parcial del sistema.', '2020-02-11', 'Backend', '11111111-1', 'En Progreso');
INSERT INTO Error (Titulo, Descripcion, Fecha, Topico, Autor, Estado) VALUES ('Error 135 - Incidencia detectada', 'Descripción breve del error número 135, afecta funcionamiento parcial del sistema.', '2023-09-29', 'Seguridad', '11111119-9', 'Abierto');
INSERT INTO Error (Titulo, Descripcion, Fecha, Topico, Autor, Estado) VALUES ('Error 136 - Incidencia detectada', 'Descripción breve del error número 136, afecta funcionamiento parcial del sistema.', '2024-12-25', 'UX/UI', '33333339-9', 'Abierto');
INSERT INTO Error (Titulo, Descripcion, Fecha, Topico, Autor, Estado) VALUES ('Error 137 - Incidencia detectada', 'Descripción breve del error número 137, afecta funcionamiento parcial del sistema.', '2020-10-07', 'Backend', '33333339-9', 'En Progreso');
INSERT INTO Error (Titulo, Descripcion, Fecha, Topico, Autor, Estado) VALUES ('Error 138 - Incidencia detectada', 'Descripción breve del error número 138, afecta funcionamiento parcial del sistema.', '2025-06-21', 'Backend', '11111114-4', 'Resuelto');
INSERT INTO Error (Titulo, Descripcion, Fecha, Topico, Autor, Estado) VALUES ('Error 139 - Incidencia detectada', 'Descripción breve del error número 139, afecta funcionamiento parcial del sistema.', '2025-04-29', 'Seguridad', '33333336-6', 'Abierto');
INSERT INTO Error (Titulo, Descripcion, Fecha, Topico, Autor, Estado) VALUES ('Error 140 - Incidencia detectada', 'Descripción breve del error número 140, afecta funcionamiento parcial del sistema.', '2023-04-22', 'UX/UI', '11111112-2', 'En Progreso');
INSERT INTO Error (Titulo, Descripcion, Fecha, Topico, Autor, Estado) VALUES ('Error 141 - Incidencia detectada', 'Descripción breve del error número 141, afecta funcionamiento parcial del sistema.', '2024-11-27', 'UX/UI', '22222222-2', 'Abierto');
INSERT INTO Error (Titulo, Descripcion, Fecha, Topico, Autor, Estado) VALUES ('Error 142 - Incidencia detectada', 'Descripción breve del error número 142, afecta funcionamiento parcial del sistema.', '2020-03-03', 'UX/UI', '55555560-0', 'Cerrado');
INSERT INTO Error (Titulo, Descripcion, Fecha, Topico, Autor, Estado) VALUES ('Error 143 - Incidencia detectada', 'Descripción breve del error número 143, afecta funcionamiento parcial del sistema.', '2021-05-07', 'Seguridad', '22222229-9', 'En Progreso');
INSERT INTO Error (Titulo, Descripcion, Fecha, Topico, Autor, Estado) VALUES ('Error 144 - Incidencia detectada', 'Descripción breve del error número 144, afecta funcionamiento parcial del sistema.', '2025-02-14', 'UX/UI', '33333333-3', 'Resuelto');
INSERT INTO Error (Titulo, Descripcion, Fecha, Topico, Autor, Estado) VALUES ('Error 145 - Incidencia detectada', 'Descripción breve del error número 145, afecta funcionamiento parcial del sistema.', '2021-07-25', 'UX/UI', '55555553-3', 'Abierto');
INSERT INTO Error (Titulo, Descripcion, Fecha, Topico, Autor, Estado) VALUES ('Error 146 - Incidencia detectada', 'Descripción breve del error número 146, afecta funcionamiento parcial del sistema.', '2023-01-17', 'UX/UI', '55555559-9', 'En Progreso');
INSERT INTO Error (Titulo, Descripcion, Fecha, Topico, Autor, Estado) VALUES ('Error 147 - Incidencia detectada', 'Descripción breve del error número 147, afecta funcionamiento parcial del sistema.', '2020-02-21', 'Seguridad', '55555554-4', 'Resuelto');
INSERT INTO Error (Titulo, Descripcion, Fecha, Topico, Autor, Estado) VALUES ('Error 148 - Incidencia detectada', 'Descripción breve del error número 148, afecta funcionamiento parcial del sistema.', '2024-05-12', 'UX/UI', '22222229-9', 'En Progreso');
INSERT INTO Error (Titulo, Descripcion, Fecha, Topico, Autor, Estado) VALUES ('Error 149 - Incidencia detectada', 'Descripción breve del error número 149, afecta funcionamiento parcial del sistema.', '2022-03-11', 'Backend', '33333331-1', 'Cerrado');
INSERT INTO Error (Titulo, Descripcion, Fecha, Topico, Autor, Estado) VALUES ('Error 150 - Incidencia detectada', 'Descripción breve del error número 150, afecta funcionamiento parcial del sistema.', '2020-01-08', 'Backend', '55555559-9', 'En Progreso');
INSERT INTO Error (Titulo, Descripcion, Fecha, Topico, Autor, Estado) VALUES ('Error 151 - Incidencia detectada', 'Descripción breve del error número 151, afecta funcionamiento parcial del sistema.', '2022-01-14', 'Backend', '55555552-2', 'En Progreso');
INSERT INTO Error (Titulo, Descripcion, Fecha, Topico, Autor, Estado) VALUES ('Error 152 - Incidencia detectada', 'Descripción breve del error número 152, afecta funcionamiento parcial del sistema.', '2022-08-07', 'Backend', '33333336-6', 'Resuelto');
INSERT INTO Error (Titulo, Descripcion, Fecha, Topico, Autor, Estado) VALUES ('Error 153 - Incidencia detectada', 'Descripción breve del error número 153, afecta funcionamiento parcial del sistema.', '2021-12-26', 'Seguridad', '22222229-9', 'Cerrado');
INSERT INTO Error (Titulo, Descripcion, Fecha, Topico, Autor, Estado) VALUES ('Error 154 - Incidencia detectada', 'Descripción breve del error número 154, afecta funcionamiento parcial del sistema.', '2021-12-17', 'Backend', '11111114-4', 'Cerrado');
INSERT INTO Error (Titulo, Descripcion, Fecha, Topico, Autor, Estado) VALUES ('Error 155 - Incidencia detectada', 'Descripción breve del error número 155, afecta funcionamiento parcial del sistema.', '2022-04-05', 'UX/UI', '11111117-7', 'Abierto');
INSERT INTO Error (Titulo, Descripcion, Fecha, Topico, Autor, Estado) VALUES ('Error 156 - Incidencia detectada', 'Descripción breve del error número 156, afecta funcionamiento parcial del sistema.', '2024-07-19', 'Backend', '55555559-9', 'Cerrado');
INSERT INTO Error (Titulo, Descripcion, Fecha, Topico, Autor, Estado) VALUES ('Error 157 - Incidencia detectada', 'Descripción breve del error número 157, afecta funcionamiento parcial del sistema.', '2023-11-17', 'Backend', '44444444-4', 'En Progreso');
INSERT INTO Error (Titulo, Descripcion, Fecha, Topico, Autor, Estado) VALUES ('Error 158 - Incidencia detectada', 'Descripción breve del error número 158, afecta funcionamiento parcial del sistema.', '2024-08-26', 'UX/UI', '55555551-1', 'Resuelto');
INSERT INTO Error (Titulo, Descripcion, Fecha, Topico, Autor, Estado) VALUES ('Error 159 - Incidencia detectada', 'Descripción breve del error número 159, afecta funcionamiento parcial del sistema.', '2021-08-02', 'UX/UI', '22222221-1', 'En Progreso');
INSERT INTO Error (Titulo, Descripcion, Fecha, Topico, Autor, Estado) VALUES ('Error 160 - Incidencia detectada', 'Descripción breve del error número 160, afecta funcionamiento parcial del sistema.', '2025-02-24', 'UX/UI', '55555560-0', 'Resuelto');
INSERT INTO Error (Titulo, Descripcion, Fecha, Topico, Autor, Estado) VALUES ('Error 161 - Incidencia detectada', 'Descripción breve del error número 161, afecta funcionamiento parcial del sistema.', '2023-07-22', 'Backend', '33333335-5', 'Resuelto');
INSERT INTO Error (Titulo, Descripcion, Fecha, Topico, Autor, Estado) VALUES ('Error 162 - Incidencia detectada', 'Descripción breve del error número 162, afecta funcionamiento parcial del sistema.', '2022-08-14', 'UX/UI', '22222226-6', 'Cerrado');
INSERT INTO Error (Titulo, Descripcion, Fecha, Topico, Autor, Estado) VALUES ('Error 163 - Incidencia detectada', 'Descripción breve del error número 163, afecta funcionamiento parcial del sistema.', '2022-10-19', 'Backend', '11111114-4', 'Cerrado');
INSERT INTO Error (Titulo, Descripcion, Fecha, Topico, Autor, Estado) VALUES ('Error 164 - Incidencia detectada', 'Descripción breve del error número 164, afecta funcionamiento parcial del sistema.', '2022-08-19', 'UX/UI', '22222229-9', 'Abierto');
INSERT INTO Error (Titulo, Descripcion, Fecha, Topico, Autor, Estado) VALUES ('Error 165 - Incidencia detectada', 'Descripción breve del error número 165, afecta funcionamiento parcial del sistema.', '2025-02-08', 'UX/UI', '22222222-2', 'En Progreso');
INSERT INTO Error (Titulo, Descripcion, Fecha, Topico, Autor, Estado) VALUES ('Error 166 - Incidencia detectada', 'Descripción breve del error número 166, afecta funcionamiento parcial del sistema.', '2025-04-22', 'UX/UI', '44444447-7', 'Cerrado');
INSERT INTO Error (Titulo, Descripcion, Fecha, Topico, Autor, Estado) VALUES ('Error 167 - Incidencia detectada', 'Descripción breve del error número 167, afecta funcionamiento parcial del sistema.', '2023-11-19', 'UX/UI', '33333337-7', 'En Progreso');
INSERT INTO Error (Titulo, Descripcion, Fecha, Topico, Autor, Estado) VALUES ('Error 168 - Incidencia detectada', 'Descripción breve del error número 168, afecta funcionamiento parcial del sistema.', '2022-01-26', 'UX/UI', '44444445-5', 'Resuelto');
INSERT INTO Error (Titulo, Descripcion, Fecha, Topico, Autor, Estado) VALUES ('Error 169 - Incidencia detectada', 'Descripción breve del error número 169, afecta funcionamiento parcial del sistema.', '2020-01-14', 'Backend', '22222229-9', 'Abierto');
INSERT INTO Error (Titulo, Descripcion, Fecha, Topico, Autor, Estado) VALUES ('Error 170 - Incidencia detectada', 'Descripción breve del error número 170, afecta funcionamiento parcial del sistema.', '2020-11-03', 'UX/UI', '11111115-5', 'Abierto');
INSERT INTO Error (Titulo, Descripcion, Fecha, Topico, Autor, Estado) VALUES ('Error 171 - Incidencia detectada', 'Descripción breve del error número 171, afecta funcionamiento parcial del sistema.', '2020-09-29', 'Backend', '11111112-2', 'Cerrado');
INSERT INTO Error (Titulo, Descripcion, Fecha, Topico, Autor, Estado) VALUES ('Error 172 - Incidencia detectada', 'Descripción breve del error número 172, afecta funcionamiento parcial del sistema.', '2024-12-31', 'Seguridad', '22222221-1', 'En Progreso');
INSERT INTO Error (Titulo, Descripcion, Fecha, Topico, Autor, Estado) VALUES ('Error 173 - Incidencia detectada', 'Descripción breve del error número 173, afecta funcionamiento parcial del sistema.', '2022-12-17', 'Backend', '44444446-6', 'En Progreso');
INSERT INTO Error (Titulo, Descripcion, Fecha, Topico, Autor, Estado) VALUES ('Error 174 - Incidencia detectada', 'Descripción breve del error número 174, afecta funcionamiento parcial del sistema.', '2024-03-24', 'UX/UI', '55555554-4', 'Cerrado');
INSERT INTO Error (Titulo, Descripcion, Fecha, Topico, Autor, Estado) VALUES ('Error 175 - Incidencia detectada', 'Descripción breve del error número 175, afecta funcionamiento parcial del sistema.', '2022-08-08', 'Backend', '22222228-8', 'Resuelto');
INSERT INTO Error (Titulo, Descripcion, Fecha, Topico, Autor, Estado) VALUES ('Error 176 - Incidencia detectada', 'Descripción breve del error número 176, afecta funcionamiento parcial del sistema.', '2021-05-12', 'Seguridad', '33333339-9', 'Resuelto');
INSERT INTO Error (Titulo, Descripcion, Fecha, Topico, Autor, Estado) VALUES ('Error 177 - Incidencia detectada', 'Descripción breve del error número 177, afecta funcionamiento parcial del sistema.', '2021-02-03', 'Backend', '55555558-8', 'Cerrado');
INSERT INTO Error (Titulo, Descripcion, Fecha, Topico, Autor, Estado) VALUES ('Error 178 - Incidencia detectada', 'Descripción breve del error número 178, afecta funcionamiento parcial del sistema.', '2025-06-09', 'Backend', '22222229-9', 'Abierto');
INSERT INTO Error (Titulo, Descripcion, Fecha, Topico, Autor, Estado) VALUES ('Error 179 - Incidencia detectada', 'Descripción breve del error número 179, afecta funcionamiento parcial del sistema.', '2024-04-10', 'Backend', '44444449-9', 'Cerrado');
INSERT INTO Error (Titulo, Descripcion, Fecha, Topico, Autor, Estado) VALUES ('Error 180 - Incidencia detectada', 'Descripción breve del error número 180, afecta funcionamiento parcial del sistema.', '2021-08-14', 'UX/UI', '33333336-6', 'Abierto');
INSERT INTO Error (Titulo, Descripcion, Fecha, Topico, Autor, Estado) VALUES ('Error 181 - Incidencia detectada', 'Descripción breve del error número 181, afecta funcionamiento parcial del sistema.', '2020-07-16', 'Backend', '55555555-5', 'Abierto');
INSERT INTO Error (Titulo, Descripcion, Fecha, Topico, Autor, Estado) VALUES ('Error 182 - Incidencia detectada', 'Descripción breve del error número 182, afecta funcionamiento parcial del sistema.', '2021-08-02', 'Seguridad', '22222226-6', 'Resuelto');
INSERT INTO Error (Titulo, Descripcion, Fecha, Topico, Autor, Estado) VALUES ('Error 183 - Incidencia detectada', 'Descripción breve del error número 183, afecta funcionamiento parcial del sistema.', '2022-03-19', 'UX/UI', '11111117-7', 'Resuelto');
INSERT INTO Error (Titulo, Descripcion, Fecha, Topico, Autor, Estado) VALUES ('Error 184 - Incidencia detectada', 'Descripción breve del error número 184, afecta funcionamiento parcial del sistema.', '2022-12-18', 'Backend', '55555558-8', 'En Progreso');
INSERT INTO Error (Titulo, Descripcion, Fecha, Topico, Autor, Estado) VALUES ('Error 185 - Incidencia detectada', 'Descripción breve del error número 185, afecta funcionamiento parcial del sistema.', '2023-11-10', 'Seguridad', '44444444-4', 'Resuelto');
INSERT INTO Error (Titulo, Descripcion, Fecha, Topico, Autor, Estado) VALUES ('Error 186 - Incidencia detectada', 'Descripción breve del error número 186, afecta funcionamiento parcial del sistema.', '2021-09-20', 'Backend', '55555552-2', 'Abierto');
INSERT INTO Error (Titulo, Descripcion, Fecha, Topico, Autor, Estado) VALUES ('Error 187 - Incidencia detectada', 'Descripción breve del error número 187, afecta funcionamiento parcial del sistema.', '2021-01-21', 'Backend', '44444447-7', 'Abierto');
INSERT INTO Error (Titulo, Descripcion, Fecha, Topico, Autor, Estado) VALUES ('Error 188 - Incidencia detectada', 'Descripción breve del error número 188, afecta funcionamiento parcial del sistema.', '2023-06-11', 'UX/UI', '55555553-3', 'En Progreso');
INSERT INTO Error (Titulo, Descripcion, Fecha, Topico, Autor, Estado) VALUES ('Error 189 - Incidencia detectada', 'Descripción breve del error número 189, afecta funcionamiento parcial del sistema.', '2020-03-06', 'Backend', '11111114-4', 'Resuelto');
INSERT INTO Error (Titulo, Descripcion, Fecha, Topico, Autor, Estado) VALUES ('Error 190 - Incidencia detectada', 'Descripción breve del error número 190, afecta funcionamiento parcial del sistema.', '2020-12-25', 'Backend', '11111120-0', 'Cerrado');
INSERT INTO Error (Titulo, Descripcion, Fecha, Topico, Autor, Estado) VALUES ('Error 191 - Incidencia detectada', 'Descripción breve del error número 191, afecta funcionamiento parcial del sistema.', '2023-12-21', 'Seguridad', '33333334-4', 'Cerrado');
INSERT INTO Error (Titulo, Descripcion, Fecha, Topico, Autor, Estado) VALUES ('Error 192 - Incidencia detectada', 'Descripción breve del error número 192, afecta funcionamiento parcial del sistema.', '2023-12-11', 'Seguridad', '11111112-2', 'En Progreso');
INSERT INTO Error (Titulo, Descripcion, Fecha, Topico, Autor, Estado) VALUES ('Error 193 - Incidencia detectada', 'Descripción breve del error número 193, afecta funcionamiento parcial del sistema.', '2022-10-23', 'UX/UI', '33333337-7', 'Resuelto');
INSERT INTO Error (Titulo, Descripcion, Fecha, Topico, Autor, Estado) VALUES ('Error 194 - Incidencia detectada', 'Descripción breve del error número 194, afecta funcionamiento parcial del sistema.', '2024-09-19', 'Seguridad', '11111119-9', 'Resuelto');
INSERT INTO Error (Titulo, Descripcion, Fecha, Topico, Autor, Estado) VALUES ('Error 195 - Incidencia detectada', 'Descripción breve del error número 195, afecta funcionamiento parcial del sistema.', '2023-01-19', 'Seguridad', '55555553-3', 'Cerrado');
INSERT INTO Error (Titulo, Descripcion, Fecha, Topico, Autor, Estado) VALUES ('Error 196 - Incidencia detectada', 'Descripción breve del error número 196, afecta funcionamiento parcial del sistema.', '2021-11-13', 'Seguridad', '44444448-8', 'Resuelto');
INSERT INTO Error (Titulo, Descripcion, Fecha, Topico, Autor, Estado) VALUES ('Error 197 - Incidencia detectada', 'Descripción breve del error número 197, afecta funcionamiento parcial del sistema.', '2025-06-16', 'UX/UI', '33333332-2', 'Cerrado');
INSERT INTO Error (Titulo, Descripcion, Fecha, Topico, Autor, Estado) VALUES ('Error 198 - Incidencia detectada', 'Descripción breve del error número 198, afecta funcionamiento parcial del sistema.', '2021-04-13', 'Seguridad', '55555559-9', 'Cerrado');
INSERT INTO Error (Titulo, Descripcion, Fecha, Topico, Autor, Estado) VALUES ('Error 199 - Incidencia detectada', 'Descripción breve del error número 199, afecta funcionamiento parcial del sistema.', '2025-02-03', 'Backend', '11111115-5', 'Cerrado');
INSERT INTO Error (Titulo, Descripcion, Fecha, Topico, Autor, Estado) VALUES ('Error 200 - Incidencia detectada', 'Descripción breve del error número 200, afecta funcionamiento parcial del sistema.', '2021-04-29', 'Seguridad', '11111115-5', 'Cerrado');
INSERT INTO Error (Titulo, Descripcion, Fecha, Topico, Autor, Estado) VALUES ('Error 201 - Incidencia detectada', 'Descripción breve del error número 201, afecta funcionamiento parcial del sistema.', '2023-01-24', 'Backend', '44444442-2', 'Resuelto');
INSERT INTO Error (Titulo, Descripcion, Fecha, Topico, Autor, Estado) VALUES ('Error 202 - Incidencia detectada', 'Descripción breve del error número 202, afecta funcionamiento parcial del sistema.', '2021-12-25', 'Backend', '55555551-1', 'Resuelto');
INSERT INTO Error (Titulo, Descripcion, Fecha, Topico, Autor, Estado) VALUES ('Error 203 - Incidencia detectada', 'Descripción breve del error número 203, afecta funcionamiento parcial del sistema.', '2020-05-08', 'Backend', '44444446-6', 'Abierto');
INSERT INTO Error (Titulo, Descripcion, Fecha, Topico, Autor, Estado) VALUES ('Error 204 - Incidencia detectada', 'Descripción breve del error número 204, afecta funcionamiento parcial del sistema.', '2024-05-19', 'UX/UI', '44444445-5', 'Abierto');
INSERT INTO Error (Titulo, Descripcion, Fecha, Topico, Autor, Estado) VALUES ('Error 205 - Incidencia detectada', 'Descripción breve del error número 205, afecta funcionamiento parcial del sistema.', '2024-08-28', 'Seguridad', '33333332-2', 'En Progreso');
INSERT INTO Error (Titulo, Descripcion, Fecha, Topico, Autor, Estado) VALUES ('Error 206 - Incidencia detectada', 'Descripción breve del error número 206, afecta funcionamiento parcial del sistema.', '2022-11-24', 'Seguridad', '33333338-8', 'Resuelto');
INSERT INTO Error (Titulo, Descripcion, Fecha, Topico, Autor, Estado) VALUES ('Error 207 - Incidencia detectada', 'Descripción breve del error número 207, afecta funcionamiento parcial del sistema.', '2023-03-12', 'Seguridad', '55555558-8', 'Cerrado');
INSERT INTO Error (Titulo, Descripcion, Fecha, Topico, Autor, Estado) VALUES ('Error 208 - Incidencia detectada', 'Descripción breve del error número 208, afecta funcionamiento parcial del sistema.', '2023-05-29', 'Backend', '55555555-5', 'En Progreso');
INSERT INTO Error (Titulo, Descripcion, Fecha, Topico, Autor, Estado) VALUES ('Error 209 - Incidencia detectada', 'Descripción breve del error número 209, afecta funcionamiento parcial del sistema.', '2021-10-23', 'UX/UI', '33333333-3', 'En Progreso');
INSERT INTO Error (Titulo, Descripcion, Fecha, Topico, Autor, Estado) VALUES ('Error 210 - Incidencia detectada', 'Descripción breve del error número 210, afecta funcionamiento parcial del sistema.', '2025-03-01', 'UX/UI', '33333334-4', 'Cerrado');
INSERT INTO Error (Titulo, Descripcion, Fecha, Topico, Autor, Estado) VALUES ('Error 211 - Incidencia detectada', 'Descripción breve del error número 211, afecta funcionamiento parcial del sistema.', '2022-01-06', 'Backend', '22222221-1', 'En Progreso');
INSERT INTO Error (Titulo, Descripcion, Fecha, Topico, Autor, Estado) VALUES ('Error 212 - Incidencia detectada', 'Descripción breve del error número 212, afecta funcionamiento parcial del sistema.', '2023-11-19', 'Seguridad', '44444446-6', 'Resuelto');
INSERT INTO Error (Titulo, Descripcion, Fecha, Topico, Autor, Estado) VALUES ('Error 213 - Incidencia detectada', 'Descripción breve del error número 213, afecta funcionamiento parcial del sistema.', '2023-11-22', 'UX/UI', '22222226-6', 'Resuelto');
INSERT INTO Error (Titulo, Descripcion, Fecha, Topico, Autor, Estado) VALUES ('Error 214 - Incidencia detectada', 'Descripción breve del error número 214, afecta funcionamiento parcial del sistema.', '2022-06-05', 'Seguridad', '33333334-4', 'Cerrado');
INSERT INTO Error (Titulo, Descripcion, Fecha, Topico, Autor, Estado) VALUES ('Error 215 - Incidencia detectada', 'Descripción breve del error número 215, afecta funcionamiento parcial del sistema.', '2024-02-15', 'Backend', '11111112-2', 'Abierto');
INSERT INTO Error (Titulo, Descripcion, Fecha, Topico, Autor, Estado) VALUES ('Error 216 - Incidencia detectada', 'Descripción breve del error número 216, afecta funcionamiento parcial del sistema.', '2022-01-17', 'Backend', '22222226-6', 'Resuelto');
INSERT INTO Error (Titulo, Descripcion, Fecha, Topico, Autor, Estado) VALUES ('Error 217 - Incidencia detectada', 'Descripción breve del error número 217, afecta funcionamiento parcial del sistema.', '2022-10-29', 'Backend', '33333335-5', 'En Progreso');
INSERT INTO Error (Titulo, Descripcion, Fecha, Topico, Autor, Estado) VALUES ('Error 218 - Incidencia detectada', 'Descripción breve del error número 218, afecta funcionamiento parcial del sistema.', '2020-06-02', 'Seguridad', '22222222-2', 'En Progreso');
INSERT INTO Error (Titulo, Descripcion, Fecha, Topico, Autor, Estado) VALUES ('Error 219 - Incidencia detectada', 'Descripción breve del error número 219, afecta funcionamiento parcial del sistema.', '2025-05-23', 'UX/UI', '44444442-2', 'En Progreso');
INSERT INTO Error (Titulo, Descripcion, Fecha, Topico, Autor, Estado) VALUES ('Error 220 - Incidencia detectada', 'Descripción breve del error número 220, afecta funcionamiento parcial del sistema.', '2021-03-25', 'Seguridad', '22222229-9', 'Resuelto');
INSERT INTO Error (Titulo, Descripcion, Fecha, Topico, Autor, Estado) VALUES ('Error 221 - Incidencia detectada', 'Descripción breve del error número 221, afecta funcionamiento parcial del sistema.', '2021-06-06', 'UX/UI', '44444447-7', 'Abierto');
INSERT INTO Error (Titulo, Descripcion, Fecha, Topico, Autor, Estado) VALUES ('Error 222 - Incidencia detectada', 'Descripción breve del error número 222, afecta funcionamiento parcial del sistema.', '2024-07-16', 'Backend', '55555552-2', 'En Progreso');
INSERT INTO Error (Titulo, Descripcion, Fecha, Topico, Autor, Estado) VALUES ('Error 223 - Incidencia detectada', 'Descripción breve del error número 223, afecta funcionamiento parcial del sistema.', '2023-12-13', 'Seguridad', '44444444-4', 'En Progreso');
INSERT INTO Error (Titulo, Descripcion, Fecha, Topico, Autor, Estado) VALUES ('Error 224 - Incidencia detectada', 'Descripción breve del error número 224, afecta funcionamiento parcial del sistema.', '2025-05-01', 'UX/UI', '55555552-2', 'En Progreso');
INSERT INTO Error (Titulo, Descripcion, Fecha, Topico, Autor, Estado) VALUES ('Error 225 - Incidencia detectada', 'Descripción breve del error número 225, afecta funcionamiento parcial del sistema.', '2023-07-28', 'Seguridad', '44444443-3', 'Abierto');
INSERT INTO Error (Titulo, Descripcion, Fecha, Topico, Autor, Estado) VALUES ('Error 226 - Incidencia detectada', 'Descripción breve del error número 226, afecta funcionamiento parcial del sistema.', '2020-06-19', 'UX/UI', '33333333-3', 'Cerrado');
INSERT INTO Error (Titulo, Descripcion, Fecha, Topico, Autor, Estado) VALUES ('Error 227 - Incidencia detectada', 'Descripción breve del error número 227, afecta funcionamiento parcial del sistema.', '2020-01-31', 'Seguridad', '33333333-3', 'Abierto');
INSERT INTO Error (Titulo, Descripcion, Fecha, Topico, Autor, Estado) VALUES ('Error 228 - Incidencia detectada', 'Descripción breve del error número 228, afecta funcionamiento parcial del sistema.', '2022-01-31', 'Backend', '33333335-5', 'Resuelto');
INSERT INTO Error (Titulo, Descripcion, Fecha, Topico, Autor, Estado) VALUES ('Error 229 - Incidencia detectada', 'Descripción breve del error número 229, afecta funcionamiento parcial del sistema.', '2024-08-29', 'Backend', '55555560-0', 'Abierto');
INSERT INTO Error (Titulo, Descripcion, Fecha, Topico, Autor, Estado) VALUES ('Error 230 - Incidencia detectada', 'Descripción breve del error número 230, afecta funcionamiento parcial del sistema.', '2022-10-28', 'Backend', '44444441-1', 'En Progreso');
INSERT INTO Error (Titulo, Descripcion, Fecha, Topico, Autor, Estado) VALUES ('Error 231 - Incidencia detectada', 'Descripción breve del error número 231, afecta funcionamiento parcial del sistema.', '2022-05-21', 'Seguridad', '44444442-2', 'En Progreso');
INSERT INTO Error (Titulo, Descripcion, Fecha, Topico, Autor, Estado) VALUES ('Error 232 - Incidencia detectada', 'Descripción breve del error número 232, afecta funcionamiento parcial del sistema.', '2023-02-09', 'Seguridad', '55555559-9', 'Abierto');
INSERT INTO Error (Titulo, Descripcion, Fecha, Topico, Autor, Estado) VALUES ('Error 233 - Incidencia detectada', 'Descripción breve del error número 233, afecta funcionamiento parcial del sistema.', '2024-03-29', 'Backend', '55555554-4', 'Abierto');
INSERT INTO Error (Titulo, Descripcion, Fecha, Topico, Autor, Estado) VALUES ('Error 234 - Incidencia detectada', 'Descripción breve del error número 234, afecta funcionamiento parcial del sistema.', '2025-01-07', 'Seguridad', '22222223-3', 'En Progreso');
INSERT INTO Error (Titulo, Descripcion, Fecha, Topico, Autor, Estado) VALUES ('Error 235 - Incidencia detectada', 'Descripción breve del error número 235, afecta funcionamiento parcial del sistema.', '2023-08-09', 'UX/UI', '22222221-1', 'Cerrado');
INSERT INTO Error (Titulo, Descripcion, Fecha, Topico, Autor, Estado) VALUES ('Error 236 - Incidencia detectada', 'Descripción breve del error número 236, afecta funcionamiento parcial del sistema.', '2023-08-26', 'Seguridad', '33333334-4', 'Cerrado');
INSERT INTO Error (Titulo, Descripcion, Fecha, Topico, Autor, Estado) VALUES ('Error 237 - Incidencia detectada', 'Descripción breve del error número 237, afecta funcionamiento parcial del sistema.', '2023-01-29', 'Backend', '55555556-6', 'Resuelto');
INSERT INTO Error (Titulo, Descripcion, Fecha, Topico, Autor, Estado) VALUES ('Error 238 - Incidencia detectada', 'Descripción breve del error número 238, afecta funcionamiento parcial del sistema.', '2021-03-29', 'Seguridad', '11111113-3', 'En Progreso');
INSERT INTO Error (Titulo, Descripcion, Fecha, Topico, Autor, Estado) VALUES ('Error 239 - Incidencia detectada', 'Descripción breve del error número 239, afecta funcionamiento parcial del sistema.', '2020-11-21', 'Seguridad', '22222222-2', 'Resuelto');
INSERT INTO Error (Titulo, Descripcion, Fecha, Topico, Autor, Estado) VALUES ('Error 240 - Incidencia detectada', 'Descripción breve del error número 240, afecta funcionamiento parcial del sistema.', '2024-02-28', 'Backend', '22222221-1', 'Abierto');
INSERT INTO Error (Titulo, Descripcion, Fecha, Topico, Autor, Estado) VALUES ('Error 241 - Incidencia detectada', 'Descripción breve del error número 241, afecta funcionamiento parcial del sistema.', '2021-08-14', 'Seguridad', '55555558-8', 'Cerrado');
INSERT INTO Error (Titulo, Descripcion, Fecha, Topico, Autor, Estado) VALUES ('Error 242 - Incidencia detectada', 'Descripción breve del error número 242, afecta funcionamiento parcial del sistema.', '2020-12-11', 'Seguridad', '22222224-4', 'Resuelto');
INSERT INTO Error (Titulo, Descripcion, Fecha, Topico, Autor, Estado) VALUES ('Error 243 - Incidencia detectada', 'Descripción breve del error número 243, afecta funcionamiento parcial del sistema.', '2024-03-01', 'Backend', '11111118-8', 'En Progreso');
INSERT INTO Error (Titulo, Descripcion, Fecha, Topico, Autor, Estado) VALUES ('Error 244 - Incidencia detectada', 'Descripción breve del error número 244, afecta funcionamiento parcial del sistema.', '2023-01-08', 'Seguridad', '44444449-9', 'Resuelto');
INSERT INTO Error (Titulo, Descripcion, Fecha, Topico, Autor, Estado) VALUES ('Error 245 - Incidencia detectada', 'Descripción breve del error número 245, afecta funcionamiento parcial del sistema.', '2020-08-31', 'Backend', '22222226-6', 'Cerrado');
INSERT INTO Error (Titulo, Descripcion, Fecha, Topico, Autor, Estado) VALUES ('Error 246 - Incidencia detectada', 'Descripción breve del error número 246, afecta funcionamiento parcial del sistema.', '2020-06-06', 'Seguridad', '44444447-7', 'En Progreso');
INSERT INTO Error (Titulo, Descripcion, Fecha, Topico, Autor, Estado) VALUES ('Error 247 - Incidencia detectada', 'Descripción breve del error número 247, afecta funcionamiento parcial del sistema.', '2022-09-13', 'UX/UI', '44444446-6', 'En Progreso');
INSERT INTO Error (Titulo, Descripcion, Fecha, Topico, Autor, Estado) VALUES ('Error 248 - Incidencia detectada', 'Descripción breve del error número 248, afecta funcionamiento parcial del sistema.', '2021-06-12', 'Backend', '11111115-5', 'Abierto');
INSERT INTO Error (Titulo, Descripcion, Fecha, Topico, Autor, Estado) VALUES ('Error 249 - Incidencia detectada', 'Descripción breve del error número 249, afecta funcionamiento parcial del sistema.', '2021-02-14', 'Backend', '55555553-3', 'Abierto');
INSERT INTO Error (Titulo, Descripcion, Fecha, Topico, Autor, Estado) VALUES ('Error 250 - Incidencia detectada', 'Descripción breve del error número 250, afecta funcionamiento parcial del sistema.', '2021-08-07', 'Backend', '11111119-9', 'Abierto');
INSERT INTO Error (Titulo, Descripcion, Fecha, Topico, Autor, Estado) VALUES ('Error 251 - Incidencia detectada', 'Descripción breve del error número 251, afecta funcionamiento parcial del sistema.', '2020-07-28', 'Backend', '22222230-0', 'Cerrado');
INSERT INTO Error (Titulo, Descripcion, Fecha, Topico, Autor, Estado) VALUES ('Error 252 - Incidencia detectada', 'Descripción breve del error número 252, afecta funcionamiento parcial del sistema.', '2023-12-19', 'UX/UI', '22222221-1', 'Cerrado');
INSERT INTO Error (Titulo, Descripcion, Fecha, Topico, Autor, Estado) VALUES ('Error 253 - Incidencia detectada', 'Descripción breve del error número 253, afecta funcionamiento parcial del sistema.', '2022-07-26', 'UX/UI', '44444448-8', 'Resuelto');
INSERT INTO Error (Titulo, Descripcion, Fecha, Topico, Autor, Estado) VALUES ('Error 254 - Incidencia detectada', 'Descripción breve del error número 254, afecta funcionamiento parcial del sistema.', '2024-05-31', 'Seguridad', '44444444-4', 'Abierto');
INSERT INTO Error (Titulo, Descripcion, Fecha, Topico, Autor, Estado) VALUES ('Error 255 - Incidencia detectada', 'Descripción breve del error número 255, afecta funcionamiento parcial del sistema.', '2021-06-01', 'UX/UI', '44444447-7', 'En Progreso');
INSERT INTO Error (Titulo, Descripcion, Fecha, Topico, Autor, Estado) VALUES ('Error 256 - Incidencia detectada', 'Descripción breve del error número 256, afecta funcionamiento parcial del sistema.', '2024-02-12', 'Backend', '44444447-7', 'En Progreso');
INSERT INTO Error (Titulo, Descripcion, Fecha, Topico, Autor, Estado) VALUES ('Error 257 - Incidencia detectada', 'Descripción breve del error número 257, afecta funcionamiento parcial del sistema.', '2022-02-10', 'Backend', '33333336-6', 'En Progreso');
INSERT INTO Error (Titulo, Descripcion, Fecha, Topico, Autor, Estado) VALUES ('Error 258 - Incidencia detectada', 'Descripción breve del error número 258, afecta funcionamiento parcial del sistema.', '2020-11-08', 'Seguridad', '33333339-9', 'Abierto');
INSERT INTO Error (Titulo, Descripcion, Fecha, Topico, Autor, Estado) VALUES ('Error 259 - Incidencia detectada', 'Descripción breve del error número 259, afecta funcionamiento parcial del sistema.', '2021-04-22', 'Backend', '22222226-6', 'Cerrado');
INSERT INTO Error (Titulo, Descripcion, Fecha, Topico, Autor, Estado) VALUES ('Error 260 - Incidencia detectada', 'Descripción breve del error número 260, afecta funcionamiento parcial del sistema.', '2024-07-22', 'Seguridad', '44444443-3', 'En Progreso');
INSERT INTO Error (Titulo, Descripcion, Fecha, Topico, Autor, Estado) VALUES ('Error 261 - Incidencia detectada', 'Descripción breve del error número 261, afecta funcionamiento parcial del sistema.', '2021-03-04', 'UX/UI', '11111113-3', 'Resuelto');
INSERT INTO Error (Titulo, Descripcion, Fecha, Topico, Autor, Estado) VALUES ('Error 262 - Incidencia detectada', 'Descripción breve del error número 262, afecta funcionamiento parcial del sistema.', '2021-01-02', 'Seguridad', '44444446-6', 'Resuelto');
INSERT INTO Error (Titulo, Descripcion, Fecha, Topico, Autor, Estado) VALUES ('Error 263 - Incidencia detectada', 'Descripción breve del error número 263, afecta funcionamiento parcial del sistema.', '2022-03-24', 'Seguridad', '44444442-2', 'En Progreso');
INSERT INTO Error (Titulo, Descripcion, Fecha, Topico, Autor, Estado) VALUES ('Error 264 - Incidencia detectada', 'Descripción breve del error número 264, afecta funcionamiento parcial del sistema.', '2024-11-29', 'Seguridad', '22222226-6', 'Resuelto');
INSERT INTO Error (Titulo, Descripcion, Fecha, Topico, Autor, Estado) VALUES ('Error 265 - Incidencia detectada', 'Descripción breve del error número 265, afecta funcionamiento parcial del sistema.', '2021-09-19', 'Backend', '11111119-9', 'En Progreso');
INSERT INTO Error (Titulo, Descripcion, Fecha, Topico, Autor, Estado) VALUES ('Error 266 - Incidencia detectada', 'Descripción breve del error número 266, afecta funcionamiento parcial del sistema.', '2022-08-21', 'UX/UI', '55555558-8', 'Cerrado');
INSERT INTO Error (Titulo, Descripcion, Fecha, Topico, Autor, Estado) VALUES ('Error 267 - Incidencia detectada', 'Descripción breve del error número 267, afecta funcionamiento parcial del sistema.', '2022-02-24', 'Backend', '11111118-8', 'En Progreso');
INSERT INTO Error (Titulo, Descripcion, Fecha, Topico, Autor, Estado) VALUES ('Error 268 - Incidencia detectada', 'Descripción breve del error número 268, afecta funcionamiento parcial del sistema.', '2024-05-21', 'Seguridad', '55555558-8', 'En Progreso');
INSERT INTO Error (Titulo, Descripcion, Fecha, Topico, Autor, Estado) VALUES ('Error 269 - Incidencia detectada', 'Descripción breve del error número 269, afecta funcionamiento parcial del sistema.', '2023-04-24', 'UX/UI', '44444447-7', 'Cerrado');
INSERT INTO Error (Titulo, Descripcion, Fecha, Topico, Autor, Estado) VALUES ('Error 270 - Incidencia detectada', 'Descripción breve del error número 270, afecta funcionamiento parcial del sistema.', '2024-12-11', 'UX/UI', '22222224-4', 'Cerrado');
INSERT INTO Error (Titulo, Descripcion, Fecha, Topico, Autor, Estado) VALUES ('Error 271 - Incidencia detectada', 'Descripción breve del error número 271, afecta funcionamiento parcial del sistema.', '2021-11-07', 'Backend', '11111111-1', 'Abierto');
INSERT INTO Error (Titulo, Descripcion, Fecha, Topico, Autor, Estado) VALUES ('Error 272 - Incidencia detectada', 'Descripción breve del error número 272, afecta funcionamiento parcial del sistema.', '2025-01-27', 'UX/UI', '55555558-8', 'Cerrado');
INSERT INTO Error (Titulo, Descripcion, Fecha, Topico, Autor, Estado) VALUES ('Error 273 - Incidencia detectada', 'Descripción breve del error número 273, afecta funcionamiento parcial del sistema.', '2021-10-19', 'UX/UI', '11111114-4', 'Cerrado');
INSERT INTO Error (Titulo, Descripcion, Fecha, Topico, Autor, Estado) VALUES ('Error 274 - Incidencia detectada', 'Descripción breve del error número 274, afecta funcionamiento parcial del sistema.', '2021-11-18', 'Backend', '22222228-8', 'Cerrado');
INSERT INTO Error (Titulo, Descripcion, Fecha, Topico, Autor, Estado) VALUES ('Error 275 - Incidencia detectada', 'Descripción breve del error número 275, afecta funcionamiento parcial del sistema.', '2021-12-07', 'UX/UI', '22222226-6', 'Cerrado');
INSERT INTO Error (Titulo, Descripcion, Fecha, Topico, Autor, Estado) VALUES ('Error 276 - Incidencia detectada', 'Descripción breve del error número 276, afecta funcionamiento parcial del sistema.', '2023-08-02', 'UX/UI', '33333338-8', 'En Progreso');
INSERT INTO Error (Titulo, Descripcion, Fecha, Topico, Autor, Estado) VALUES ('Error 277 - Incidencia detectada', 'Descripción breve del error número 277, afecta funcionamiento parcial del sistema.', '2020-11-13', 'UX/UI', '33333332-2', 'Abierto');
INSERT INTO Error (Titulo, Descripcion, Fecha, Topico, Autor, Estado) VALUES ('Error 278 - Incidencia detectada', 'Descripción breve del error número 278, afecta funcionamiento parcial del sistema.', '2020-12-25', 'UX/UI', '44444447-7', 'Abierto');
INSERT INTO Error (Titulo, Descripcion, Fecha, Topico, Autor, Estado) VALUES ('Error 279 - Incidencia detectada', 'Descripción breve del error número 279, afecta funcionamiento parcial del sistema.', '2023-04-20', 'UX/UI', '55555552-2', 'En Progreso');
INSERT INTO Error (Titulo, Descripcion, Fecha, Topico, Autor, Estado) VALUES ('Error 280 - Incidencia detectada', 'Descripción breve del error número 280, afecta funcionamiento parcial del sistema.', '2023-04-05', 'Seguridad', '33333334-4', 'Resuelto');
INSERT INTO Error (Titulo, Descripcion, Fecha, Topico, Autor, Estado) VALUES ('Error 281 - Incidencia detectada', 'Descripción breve del error número 281, afecta funcionamiento parcial del sistema.', '2024-12-31', 'Seguridad', '11111117-7', 'Cerrado');
INSERT INTO Error (Titulo, Descripcion, Fecha, Topico, Autor, Estado) VALUES ('Error 282 - Incidencia detectada', 'Descripción breve del error número 282, afecta funcionamiento parcial del sistema.', '2020-01-10', 'UX/UI', '33333340-0', 'Resuelto');
INSERT INTO Error (Titulo, Descripcion, Fecha, Topico, Autor, Estado) VALUES ('Error 283 - Incidencia detectada', 'Descripción breve del error número 283, afecta funcionamiento parcial del sistema.', '2023-06-11', 'UX/UI', '11111113-3', 'Abierto');
INSERT INTO Error (Titulo, Descripcion, Fecha, Topico, Autor, Estado) VALUES ('Error 284 - Incidencia detectada', 'Descripción breve del error número 284, afecta funcionamiento parcial del sistema.', '2022-11-29', 'Seguridad', '33333339-9', 'En Progreso');
INSERT INTO Error (Titulo, Descripcion, Fecha, Topico, Autor, Estado) VALUES ('Error 285 - Incidencia detectada', 'Descripción breve del error número 285, afecta funcionamiento parcial del sistema.', '2024-08-06', 'UX/UI', '44444447-7', 'Abierto');
INSERT INTO Error (Titulo, Descripcion, Fecha, Topico, Autor, Estado) VALUES ('Error 286 - Incidencia detectada', 'Descripción breve del error número 286, afecta funcionamiento parcial del sistema.', '2025-07-24', 'Seguridad', '11111116-6', 'En Progreso');
INSERT INTO Error (Titulo, Descripcion, Fecha, Topico, Autor, Estado) VALUES ('Error 287 - Incidencia detectada', 'Descripción breve del error número 287, afecta funcionamiento parcial del sistema.', '2022-02-19', 'Seguridad', '22222226-6', 'Abierto');
INSERT INTO Error (Titulo, Descripcion, Fecha, Topico, Autor, Estado) VALUES ('Error 288 - Incidencia detectada', 'Descripción breve del error número 288, afecta funcionamiento parcial del sistema.', '2021-01-30', 'Seguridad', '22222222-2', 'En Progreso');
INSERT INTO Error (Titulo, Descripcion, Fecha, Topico, Autor, Estado) VALUES ('Error 289 - Incidencia detectada', 'Descripción breve del error número 289, afecta funcionamiento parcial del sistema.', '2021-09-16', 'UX/UI', '33333333-3', 'Resuelto');
INSERT INTO Error (Titulo, Descripcion, Fecha, Topico, Autor, Estado) VALUES ('Error 290 - Incidencia detectada', 'Descripción breve del error número 290, afecta funcionamiento parcial del sistema.', '2021-08-18', 'UX/UI', '55555553-3', 'En Progreso');
INSERT INTO Error (Titulo, Descripcion, Fecha, Topico, Autor, Estado) VALUES ('Error 291 - Incidencia detectada', 'Descripción breve del error número 291, afecta funcionamiento parcial del sistema.', '2024-06-24', 'Seguridad', '22222223-3', 'Resuelto');
INSERT INTO Error (Titulo, Descripcion, Fecha, Topico, Autor, Estado) VALUES ('Error 292 - Incidencia detectada', 'Descripción breve del error número 292, afecta funcionamiento parcial del sistema.', '2021-04-16', 'UX/UI', '55555551-1', 'En Progreso');
INSERT INTO Error (Titulo, Descripcion, Fecha, Topico, Autor, Estado) VALUES ('Error 293 - Incidencia detectada', 'Descripción breve del error número 293, afecta funcionamiento parcial del sistema.', '2020-09-28', 'Backend', '33333331-1', 'Abierto');
INSERT INTO Error (Titulo, Descripcion, Fecha, Topico, Autor, Estado) VALUES ('Error 294 - Incidencia detectada', 'Descripción breve del error número 294, afecta funcionamiento parcial del sistema.', '2023-05-11', 'UX/UI', '44444445-5', 'Resuelto');
INSERT INTO Error (Titulo, Descripcion, Fecha, Topico, Autor, Estado) VALUES ('Error 295 - Incidencia detectada', 'Descripción breve del error número 295, afecta funcionamiento parcial del sistema.', '2024-05-02', 'Backend', '44444446-6', 'Resuelto');
INSERT INTO Error (Titulo, Descripcion, Fecha, Topico, Autor, Estado) VALUES ('Error 296 - Incidencia detectada', 'Descripción breve del error número 296, afecta funcionamiento parcial del sistema.', '2022-08-23', 'Seguridad', '33333339-9', 'Cerrado');
INSERT INTO Error (Titulo, Descripcion, Fecha, Topico, Autor, Estado) VALUES ('Error 297 - Incidencia detectada', 'Descripción breve del error número 297, afecta funcionamiento parcial del sistema.', '2020-03-22', 'UX/UI', '11111115-5', 'Cerrado');
INSERT INTO Error (Titulo, Descripcion, Fecha, Topico, Autor, Estado) VALUES ('Error 298 - Incidencia detectada', 'Descripción breve del error número 298, afecta funcionamiento parcial del sistema.', '2022-08-22', 'UX/UI', '11111120-0', 'Resuelto');
INSERT INTO Error (Titulo, Descripcion, Fecha, Topico, Autor, Estado) VALUES ('Error 299 - Incidencia detectada', 'Descripción breve del error número 299, afecta funcionamiento parcial del sistema.', '2024-10-18', 'Seguridad', '22222223-3', 'Abierto');
INSERT INTO Error (Titulo, Descripcion, Fecha, Topico, Autor, Estado) VALUES ('Error 300 - Incidencia detectada', 'Descripción breve del error número 300, afecta funcionamiento parcial del sistema.', '2023-04-01', 'Seguridad', '22222228-8', 'En Progreso');

----



----Funcionalidad

INSERT INTO Funcionalidad (Titulo, Ambiente, Resumen, Topico, Criterios, Solicitante, Estado) VALUES ('Funcionalidad 001 - Nueva característica solicitada', 'Web', 'Resumen de la funcionalidad número 1, busca mejorar la experiencia del usuario.', 'Seguridad', 'C1: Validación; C2: Seguridad; C3: Documentación 1', '33333335-5', 'Cerrado');
INSERT INTO Funcionalidad (Titulo, Ambiente, Resumen, Topico, Criterios, Solicitante, Estado) VALUES ('Funcionalidad 002 - Nueva característica solicitada', 'Web', 'Resumen de la funcionalidad número 2, busca mejorar la experiencia del usuario.', 'Backend', 'C1: Validación; C2: Seguridad; C3: Documentación 2', '33333334-4', 'Resuelto');
INSERT INTO Funcionalidad (Titulo, Ambiente, Resumen, Topico, Criterios, Solicitante, Estado) VALUES ('Funcionalidad 003 - Nueva característica solicitada', 'Web', 'Resumen de la funcionalidad número 3, busca mejorar la experiencia del usuario.', 'Seguridad', 'C1: Validación; C2: Seguridad; C3: Documentación 3', '33333337-7', 'Cerrado');
INSERT INTO Funcionalidad (Titulo, Ambiente, Resumen, Topico, Criterios, Solicitante, Estado) VALUES ('Funcionalidad 004 - Nueva característica solicitada', 'Movil', 'Resumen de la funcionalidad número 4, busca mejorar la experiencia del usuario.', 'Backend', 'C1: Validación; C2: Seguridad; C3: Documentación 4', '11111118-8', 'Resuelto');
INSERT INTO Funcionalidad (Titulo, Ambiente, Resumen, Topico, Criterios, Solicitante, Estado) VALUES ('Funcionalidad 005 - Nueva característica solicitada', 'Web', 'Resumen de la funcionalidad número 5, busca mejorar la experiencia del usuario.', 'Seguridad', 'C1: Validación; C2: Seguridad; C3: Documentación 5', '44444443-3', 'Cerrado');
INSERT INTO Funcionalidad (Titulo, Ambiente, Resumen, Topico, Criterios, Solicitante, Estado) VALUES ('Funcionalidad 006 - Nueva característica solicitada', 'Web', 'Resumen de la funcionalidad número 6, busca mejorar la experiencia del usuario.', 'Seguridad', 'C1: Validación; C2: Seguridad; C3: Documentación 6', '11111118-8', 'Abierto');
INSERT INTO Funcionalidad (Titulo, Ambiente, Resumen, Topico, Criterios, Solicitante, Estado) VALUES ('Funcionalidad 007 - Nueva característica solicitada', 'Web', 'Resumen de la funcionalidad número 7, busca mejorar la experiencia del usuario.', 'Seguridad', 'C1: Validación; C2: Seguridad; C3: Documentación 7', '55555560-0', 'Cerrado');
INSERT INTO Funcionalidad (Titulo, Ambiente, Resumen, Topico, Criterios, Solicitante, Estado) VALUES ('Funcionalidad 008 - Nueva característica solicitada', 'Web', 'Resumen de la funcionalidad número 8, busca mejorar la experiencia del usuario.', 'Seguridad', 'C1: Validación; C2: Seguridad; C3: Documentación 8', '55555555-5', 'Resuelto');
INSERT INTO Funcionalidad (Titulo, Ambiente, Resumen, Topico, Criterios, Solicitante, Estado) VALUES ('Funcionalidad 009 - Nueva característica solicitada', 'Movil', 'Resumen de la funcionalidad número 9, busca mejorar la experiencia del usuario.', 'UX/UI', 'C1: Validación; C2: Seguridad; C3: Documentación 9', '33333337-7', 'Abierto');
INSERT INTO Funcionalidad (Titulo, Ambiente, Resumen, Topico, Criterios, Solicitante, Estado) VALUES ('Funcionalidad 010 - Nueva característica solicitada', 'Web', 'Resumen de la funcionalidad número 10, busca mejorar la experiencia del usuario.', 'Seguridad', 'C1: Validación; C2: Seguridad; C3: Documentación 10', '11111113-3', 'Cerrado');
INSERT INTO Funcionalidad (Titulo, Ambiente, Resumen, Topico, Criterios, Solicitante, Estado) VALUES ('Funcionalidad 011 - Nueva característica solicitada', 'Web', 'Resumen de la funcionalidad número 11, busca mejorar la experiencia del usuario.', 'UX/UI', 'C1: Validación; C2: Seguridad; C3: Documentación 11', '11111120-0', 'En Progreso');
INSERT INTO Funcionalidad (Titulo, Ambiente, Resumen, Topico, Criterios, Solicitante, Estado) VALUES ('Funcionalidad 012 - Nueva característica solicitada', 'Web', 'Resumen de la funcionalidad número 12, busca mejorar la experiencia del usuario.', 'UX/UI', 'C1: Validación; C2: Seguridad; C3: Documentación 12', '33333331-1', 'Resuelto');
INSERT INTO Funcionalidad (Titulo, Ambiente, Resumen, Topico, Criterios, Solicitante, Estado) VALUES ('Funcionalidad 013 - Nueva característica solicitada', 'Web', 'Resumen de la funcionalidad número 13, busca mejorar la experiencia del usuario.', 'Seguridad', 'C1: Validación; C2: Seguridad; C3: Documentación 13', '22222227-7', 'Abierto');
INSERT INTO Funcionalidad (Titulo, Ambiente, Resumen, Topico, Criterios, Solicitante, Estado) VALUES ('Funcionalidad 014 - Nueva característica solicitada', 'Web', 'Resumen de la funcionalidad número 14, busca mejorar la experiencia del usuario.', 'UX/UI', 'C1: Validación; C2: Seguridad; C3: Documentación 14', '44444449-9', 'Abierto');
INSERT INTO Funcionalidad (Titulo, Ambiente, Resumen, Topico, Criterios, Solicitante, Estado) VALUES ('Funcionalidad 015 - Nueva característica solicitada', 'Movil', 'Resumen de la funcionalidad número 15, busca mejorar la experiencia del usuario.', 'Seguridad', 'C1: Validación; C2: Seguridad; C3: Documentación 15', '55555551-1', 'Abierto');
INSERT INTO Funcionalidad (Titulo, Ambiente, Resumen, Topico, Criterios, Solicitante, Estado) VALUES ('Funcionalidad 016 - Nueva característica solicitada', 'Web', 'Resumen de la funcionalidad número 16, busca mejorar la experiencia del usuario.', 'UX/UI', 'C1: Validación; C2: Seguridad; C3: Documentación 16', '33333340-0', 'Cerrado');
INSERT INTO Funcionalidad (Titulo, Ambiente, Resumen, Topico, Criterios, Solicitante, Estado) VALUES ('Funcionalidad 017 - Nueva característica solicitada', 'Movil', 'Resumen de la funcionalidad número 17, busca mejorar la experiencia del usuario.', 'Backend', 'C1: Validación; C2: Seguridad; C3: Documentación 17', '11111118-8', 'En Progreso');
INSERT INTO Funcionalidad (Titulo, Ambiente, Resumen, Topico, Criterios, Solicitante, Estado) VALUES ('Funcionalidad 018 - Nueva característica solicitada', 'Web', 'Resumen de la funcionalidad número 18, busca mejorar la experiencia del usuario.', 'Seguridad', 'C1: Validación; C2: Seguridad; C3: Documentación 18', '44444443-3', 'En Progreso');
INSERT INTO Funcionalidad (Titulo, Ambiente, Resumen, Topico, Criterios, Solicitante, Estado) VALUES ('Funcionalidad 019 - Nueva característica solicitada', 'Movil', 'Resumen de la funcionalidad número 19, busca mejorar la experiencia del usuario.', 'Backend', 'C1: Validación; C2: Seguridad; C3: Documentación 19', '22222226-6', 'Abierto');
INSERT INTO Funcionalidad (Titulo, Ambiente, Resumen, Topico, Criterios, Solicitante, Estado) VALUES ('Funcionalidad 020 - Nueva característica solicitada', 'Movil', 'Resumen de la funcionalidad número 20, busca mejorar la experiencia del usuario.', 'UX/UI', 'C1: Validación; C2: Seguridad; C3: Documentación 20', '55555551-1', 'Resuelto');
INSERT INTO Funcionalidad (Titulo, Ambiente, Resumen, Topico, Criterios, Solicitante, Estado) VALUES ('Funcionalidad 021 - Nueva característica solicitada', 'Web', 'Resumen de la funcionalidad número 21, busca mejorar la experiencia del usuario.', 'UX/UI', 'C1: Validación; C2: Seguridad; C3: Documentación 21', '55555559-9', 'Abierto');
INSERT INTO Funcionalidad (Titulo, Ambiente, Resumen, Topico, Criterios, Solicitante, Estado) VALUES ('Funcionalidad 022 - Nueva característica solicitada', 'Movil', 'Resumen de la funcionalidad número 22, busca mejorar la experiencia del usuario.', 'Seguridad', 'C1: Validación; C2: Seguridad; C3: Documentación 22', '55555553-3', 'Resuelto');
INSERT INTO Funcionalidad (Titulo, Ambiente, Resumen, Topico, Criterios, Solicitante, Estado) VALUES ('Funcionalidad 023 - Nueva característica solicitada', 'Movil', 'Resumen de la funcionalidad número 23, busca mejorar la experiencia del usuario.', 'Seguridad', 'C1: Validación; C2: Seguridad; C3: Documentación 23', '11111120-0', 'En Progreso');
INSERT INTO Funcionalidad (Titulo, Ambiente, Resumen, Topico, Criterios, Solicitante, Estado) VALUES ('Funcionalidad 024 - Nueva característica solicitada', 'Web', 'Resumen de la funcionalidad número 24, busca mejorar la experiencia del usuario.', 'Backend', 'C1: Validación; C2: Seguridad; C3: Documentación 24', '33333331-1', 'Abierto');
INSERT INTO Funcionalidad (Titulo, Ambiente, Resumen, Topico, Criterios, Solicitante, Estado) VALUES ('Funcionalidad 025 - Nueva característica solicitada', 'Movil', 'Resumen de la funcionalidad número 25, busca mejorar la experiencia del usuario.', 'Backend', 'C1: Validación; C2: Seguridad; C3: Documentación 25', '33333340-0', 'Cerrado');
INSERT INTO Funcionalidad (Titulo, Ambiente, Resumen, Topico, Criterios, Solicitante, Estado) VALUES ('Funcionalidad 026 - Nueva característica solicitada', 'Movil', 'Resumen de la funcionalidad número 26, busca mejorar la experiencia del usuario.', 'Backend', 'C1: Validación; C2: Seguridad; C3: Documentación 26', '44444446-6', 'Cerrado');
INSERT INTO Funcionalidad (Titulo, Ambiente, Resumen, Topico, Criterios, Solicitante, Estado) VALUES ('Funcionalidad 027 - Nueva característica solicitada', 'Movil', 'Resumen de la funcionalidad número 27, busca mejorar la experiencia del usuario.', 'Seguridad', 'C1: Validación; C2: Seguridad; C3: Documentación 27', '33333337-7', 'Resuelto');
INSERT INTO Funcionalidad (Titulo, Ambiente, Resumen, Topico, Criterios, Solicitante, Estado) VALUES ('Funcionalidad 028 - Nueva característica solicitada', 'Movil', 'Resumen de la funcionalidad número 28, busca mejorar la experiencia del usuario.', 'Seguridad', 'C1: Validación; C2: Seguridad; C3: Documentación 28', '55555560-0', 'Cerrado');
INSERT INTO Funcionalidad (Titulo, Ambiente, Resumen, Topico, Criterios, Solicitante, Estado) VALUES ('Funcionalidad 029 - Nueva característica solicitada', 'Web', 'Resumen de la funcionalidad número 29, busca mejorar la experiencia del usuario.', 'UX/UI', 'C1: Validación; C2: Seguridad; C3: Documentación 29', '33333336-6', 'En Progreso');
INSERT INTO Funcionalidad (Titulo, Ambiente, Resumen, Topico, Criterios, Solicitante, Estado) VALUES ('Funcionalidad 030 - Nueva característica solicitada', 'Web', 'Resumen de la funcionalidad número 30, busca mejorar la experiencia del usuario.', 'UX/UI', 'C1: Validación; C2: Seguridad; C3: Documentación 30', '33333331-1', 'Resuelto');
INSERT INTO Funcionalidad (Titulo, Ambiente, Resumen, Topico, Criterios, Solicitante, Estado) VALUES ('Funcionalidad 031 - Nueva característica solicitada', 'Movil', 'Resumen de la funcionalidad número 31, busca mejorar la experiencia del usuario.', 'Seguridad', 'C1: Validación; C2: Seguridad; C3: Documentación 31', '22222229-9', 'Cerrado');
INSERT INTO Funcionalidad (Titulo, Ambiente, Resumen, Topico, Criterios, Solicitante, Estado) VALUES ('Funcionalidad 032 - Nueva característica solicitada', 'Movil', 'Resumen de la funcionalidad número 32, busca mejorar la experiencia del usuario.', 'UX/UI', 'C1: Validación; C2: Seguridad; C3: Documentación 32', '55555551-1', 'Abierto');
INSERT INTO Funcionalidad (Titulo, Ambiente, Resumen, Topico, Criterios, Solicitante, Estado) VALUES ('Funcionalidad 033 - Nueva característica solicitada', 'Web', 'Resumen de la funcionalidad número 33, busca mejorar la experiencia del usuario.', 'Backend', 'C1: Validación; C2: Seguridad; C3: Documentación 33', '11111115-5', 'Abierto');
INSERT INTO Funcionalidad (Titulo, Ambiente, Resumen, Topico, Criterios, Solicitante, Estado) VALUES ('Funcionalidad 034 - Nueva característica solicitada', 'Web', 'Resumen de la funcionalidad número 34, busca mejorar la experiencia del usuario.', 'Backend', 'C1: Validación; C2: Seguridad; C3: Documentación 34', '33333339-9', 'Cerrado');
INSERT INTO Funcionalidad (Titulo, Ambiente, Resumen, Topico, Criterios, Solicitante, Estado) VALUES ('Funcionalidad 035 - Nueva característica solicitada', 'Movil', 'Resumen de la funcionalidad número 35, busca mejorar la experiencia del usuario.', 'Backend', 'C1: Validación; C2: Seguridad; C3: Documentación 35', '22222229-9', 'Resuelto');
INSERT INTO Funcionalidad (Titulo, Ambiente, Resumen, Topico, Criterios, Solicitante, Estado) VALUES ('Funcionalidad 036 - Nueva característica solicitada', 'Web', 'Resumen de la funcionalidad número 36, busca mejorar la experiencia del usuario.', 'Backend', 'C1: Validación; C2: Seguridad; C3: Documentación 36', '11111120-0', 'Resuelto');
INSERT INTO Funcionalidad (Titulo, Ambiente, Resumen, Topico, Criterios, Solicitante, Estado) VALUES ('Funcionalidad 037 - Nueva característica solicitada', 'Movil', 'Resumen de la funcionalidad número 37, busca mejorar la experiencia del usuario.', 'Seguridad', 'C1: Validación; C2: Seguridad; C3: Documentación 37', '44444447-7', 'Abierto');
INSERT INTO Funcionalidad (Titulo, Ambiente, Resumen, Topico, Criterios, Solicitante, Estado) VALUES ('Funcionalidad 038 - Nueva característica solicitada', 'Web', 'Resumen de la funcionalidad número 38, busca mejorar la experiencia del usuario.', 'Backend', 'C1: Validación; C2: Seguridad; C3: Documentación 38', '55555558-8', 'Abierto');
INSERT INTO Funcionalidad (Titulo, Ambiente, Resumen, Topico, Criterios, Solicitante, Estado) VALUES ('Funcionalidad 039 - Nueva característica solicitada', 'Movil', 'Resumen de la funcionalidad número 39, busca mejorar la experiencia del usuario.', 'UX/UI', 'C1: Validación; C2: Seguridad; C3: Documentación 39', '55555555-5', 'En Progreso');
INSERT INTO Funcionalidad (Titulo, Ambiente, Resumen, Topico, Criterios, Solicitante, Estado) VALUES ('Funcionalidad 040 - Nueva característica solicitada', 'Web', 'Resumen de la funcionalidad número 40, busca mejorar la experiencia del usuario.', 'Backend', 'C1: Validación; C2: Seguridad; C3: Documentación 40', '33333332-2', 'Abierto');
INSERT INTO Funcionalidad (Titulo, Ambiente, Resumen, Topico, Criterios, Solicitante, Estado) VALUES ('Funcionalidad 041 - Nueva característica solicitada', 'Web', 'Resumen de la funcionalidad número 41, busca mejorar la experiencia del usuario.', 'UX/UI', 'C1: Validación; C2: Seguridad; C3: Documentación 41', '11111116-6', 'En Progreso');
INSERT INTO Funcionalidad (Titulo, Ambiente, Resumen, Topico, Criterios, Solicitante, Estado) VALUES ('Funcionalidad 042 - Nueva característica solicitada', 'Web', 'Resumen de la funcionalidad número 42, busca mejorar la experiencia del usuario.', 'Backend', 'C1: Validación; C2: Seguridad; C3: Documentación 42', '22222226-6', 'Abierto');
INSERT INTO Funcionalidad (Titulo, Ambiente, Resumen, Topico, Criterios, Solicitante, Estado) VALUES ('Funcionalidad 043 - Nueva característica solicitada', 'Movil', 'Resumen de la funcionalidad número 43, busca mejorar la experiencia del usuario.', 'UX/UI', 'C1: Validación; C2: Seguridad; C3: Documentación 43', '55555554-4', 'Cerrado');
INSERT INTO Funcionalidad (Titulo, Ambiente, Resumen, Topico, Criterios, Solicitante, Estado) VALUES ('Funcionalidad 044 - Nueva característica solicitada', 'Web', 'Resumen de la funcionalidad número 44, busca mejorar la experiencia del usuario.', 'Backend', 'C1: Validación; C2: Seguridad; C3: Documentación 44', '33333338-8', 'Cerrado');
INSERT INTO Funcionalidad (Titulo, Ambiente, Resumen, Topico, Criterios, Solicitante, Estado) VALUES ('Funcionalidad 045 - Nueva característica solicitada', 'Web', 'Resumen de la funcionalidad número 45, busca mejorar la experiencia del usuario.', 'Seguridad', 'C1: Validación; C2: Seguridad; C3: Documentación 45', '44444446-6', 'En Progreso');
INSERT INTO Funcionalidad (Titulo, Ambiente, Resumen, Topico, Criterios, Solicitante, Estado) VALUES ('Funcionalidad 046 - Nueva característica solicitada', 'Web', 'Resumen de la funcionalidad número 46, busca mejorar la experiencia del usuario.', 'UX/UI', 'C1: Validación; C2: Seguridad; C3: Documentación 46', '11111114-4', 'Resuelto');
INSERT INTO Funcionalidad (Titulo, Ambiente, Resumen, Topico, Criterios, Solicitante, Estado) VALUES ('Funcionalidad 047 - Nueva característica solicitada', 'Web', 'Resumen de la funcionalidad número 47, busca mejorar la experiencia del usuario.', 'Seguridad', 'C1: Validación; C2: Seguridad; C3: Documentación 47', '44444449-9', 'En Progreso');
INSERT INTO Funcionalidad (Titulo, Ambiente, Resumen, Topico, Criterios, Solicitante, Estado) VALUES ('Funcionalidad 048 - Nueva característica solicitada', 'Web', 'Resumen de la funcionalidad número 48, busca mejorar la experiencia del usuario.', 'Backend', 'C1: Validación; C2: Seguridad; C3: Documentación 48', '22222229-9', 'Resuelto');
INSERT INTO Funcionalidad (Titulo, Ambiente, Resumen, Topico, Criterios, Solicitante, Estado) VALUES ('Funcionalidad 049 - Nueva característica solicitada', 'Web', 'Resumen de la funcionalidad número 49, busca mejorar la experiencia del usuario.', 'Seguridad', 'C1: Validación; C2: Seguridad; C3: Documentación 49', '22222226-6', 'Cerrado');
INSERT INTO Funcionalidad (Titulo, Ambiente, Resumen, Topico, Criterios, Solicitante, Estado) VALUES ('Funcionalidad 050 - Nueva característica solicitada', 'Movil', 'Resumen de la funcionalidad número 50, busca mejorar la experiencia del usuario.', 'Backend', 'C1: Validación; C2: Seguridad; C3: Documentación 50', '22222229-9', 'Resuelto');
INSERT INTO Funcionalidad (Titulo, Ambiente, Resumen, Topico, Criterios, Solicitante, Estado) VALUES ('Funcionalidad 051 - Nueva característica solicitada', 'Web', 'Resumen de la funcionalidad número 51, busca mejorar la experiencia del usuario.', 'Seguridad', 'C1: Validación; C2: Seguridad; C3: Documentación 51', '22222230-0', 'Cerrado');
INSERT INTO Funcionalidad (Titulo, Ambiente, Resumen, Topico, Criterios, Solicitante, Estado) VALUES ('Funcionalidad 052 - Nueva característica solicitada', 'Web', 'Resumen de la funcionalidad número 52, busca mejorar la experiencia del usuario.', 'Seguridad', 'C1: Validación; C2: Seguridad; C3: Documentación 52', '11111115-5', 'Resuelto');
INSERT INTO Funcionalidad (Titulo, Ambiente, Resumen, Topico, Criterios, Solicitante, Estado) VALUES ('Funcionalidad 053 - Nueva característica solicitada', 'Web', 'Resumen de la funcionalidad número 53, busca mejorar la experiencia del usuario.', 'Seguridad', 'C1: Validación; C2: Seguridad; C3: Documentación 53', '11111118-8', 'Abierto');
INSERT INTO Funcionalidad (Titulo, Ambiente, Resumen, Topico, Criterios, Solicitante, Estado) VALUES ('Funcionalidad 054 - Nueva característica solicitada', 'Web', 'Resumen de la funcionalidad número 54, busca mejorar la experiencia del usuario.', 'Seguridad', 'C1: Validación; C2: Seguridad; C3: Documentación 54', '11111117-7', 'Abierto');
INSERT INTO Funcionalidad (Titulo, Ambiente, Resumen, Topico, Criterios, Solicitante, Estado) VALUES ('Funcionalidad 055 - Nueva característica solicitada', 'Web', 'Resumen de la funcionalidad número 55, busca mejorar la experiencia del usuario.', 'UX/UI', 'C1: Validación; C2: Seguridad; C3: Documentación 55', '33333331-1', 'Abierto');
INSERT INTO Funcionalidad (Titulo, Ambiente, Resumen, Topico, Criterios, Solicitante, Estado) VALUES ('Funcionalidad 056 - Nueva característica solicitada', 'Web', 'Resumen de la funcionalidad número 56, busca mejorar la experiencia del usuario.', 'Seguridad', 'C1: Validación; C2: Seguridad; C3: Documentación 56', '33333335-5', 'En Progreso');
INSERT INTO Funcionalidad (Titulo, Ambiente, Resumen, Topico, Criterios, Solicitante, Estado) VALUES ('Funcionalidad 057 - Nueva característica solicitada', 'Web', 'Resumen de la funcionalidad número 57, busca mejorar la experiencia del usuario.', 'Backend', 'C1: Validación; C2: Seguridad; C3: Documentación 57', '55555557-7', 'En Progreso');
INSERT INTO Funcionalidad (Titulo, Ambiente, Resumen, Topico, Criterios, Solicitante, Estado) VALUES ('Funcionalidad 058 - Nueva característica solicitada', 'Movil', 'Resumen de la funcionalidad número 58, busca mejorar la experiencia del usuario.', 'Backend', 'C1: Validación; C2: Seguridad; C3: Documentación 58', '11111111-1', 'Resuelto');
INSERT INTO Funcionalidad (Titulo, Ambiente, Resumen, Topico, Criterios, Solicitante, Estado) VALUES ('Funcionalidad 059 - Nueva característica solicitada', 'Movil', 'Resumen de la funcionalidad número 59, busca mejorar la experiencia del usuario.', 'UX/UI', 'C1: Validación; C2: Seguridad; C3: Documentación 59', '44444444-4', 'Cerrado');
INSERT INTO Funcionalidad (Titulo, Ambiente, Resumen, Topico, Criterios, Solicitante, Estado) VALUES ('Funcionalidad 060 - Nueva característica solicitada', 'Movil', 'Resumen de la funcionalidad número 60, busca mejorar la experiencia del usuario.', 'UX/UI', 'C1: Validación; C2: Seguridad; C3: Documentación 60', '55555553-3', 'Abierto');
INSERT INTO Funcionalidad (Titulo, Ambiente, Resumen, Topico, Criterios, Solicitante, Estado) VALUES ('Funcionalidad 061 - Nueva característica solicitada', 'Movil', 'Resumen de la funcionalidad número 61, busca mejorar la experiencia del usuario.', 'Backend', 'C1: Validación; C2: Seguridad; C3: Documentación 61', '22222230-0', 'Abierto');
INSERT INTO Funcionalidad (Titulo, Ambiente, Resumen, Topico, Criterios, Solicitante, Estado) VALUES ('Funcionalidad 062 - Nueva característica solicitada', 'Movil', 'Resumen de la funcionalidad número 62, busca mejorar la experiencia del usuario.', 'Backend', 'C1: Validación; C2: Seguridad; C3: Documentación 62', '33333332-2', 'Cerrado');
INSERT INTO Funcionalidad (Titulo, Ambiente, Resumen, Topico, Criterios, Solicitante, Estado) VALUES ('Funcionalidad 063 - Nueva característica solicitada', 'Web', 'Resumen de la funcionalidad número 63, busca mejorar la experiencia del usuario.', 'Seguridad', 'C1: Validación; C2: Seguridad; C3: Documentación 63', '55555557-7', 'Resuelto');
INSERT INTO Funcionalidad (Titulo, Ambiente, Resumen, Topico, Criterios, Solicitante, Estado) VALUES ('Funcionalidad 064 - Nueva característica solicitada', 'Movil', 'Resumen de la funcionalidad número 64, busca mejorar la experiencia del usuario.', 'Seguridad', 'C1: Validación; C2: Seguridad; C3: Documentación 64', '33333337-7', 'Resuelto');
INSERT INTO Funcionalidad (Titulo, Ambiente, Resumen, Topico, Criterios, Solicitante, Estado) VALUES ('Funcionalidad 065 - Nueva característica solicitada', 'Movil', 'Resumen de la funcionalidad número 65, busca mejorar la experiencia del usuario.', 'Seguridad', 'C1: Validación; C2: Seguridad; C3: Documentación 65', '55555552-2', 'Resuelto');
INSERT INTO Funcionalidad (Titulo, Ambiente, Resumen, Topico, Criterios, Solicitante, Estado) VALUES ('Funcionalidad 066 - Nueva característica solicitada', 'Web', 'Resumen de la funcionalidad número 66, busca mejorar la experiencia del usuario.', 'UX/UI', 'C1: Validación; C2: Seguridad; C3: Documentación 66', '55555560-0', 'En Progreso');
INSERT INTO Funcionalidad (Titulo, Ambiente, Resumen, Topico, Criterios, Solicitante, Estado) VALUES ('Funcionalidad 067 - Nueva característica solicitada', 'Web', 'Resumen de la funcionalidad número 67, busca mejorar la experiencia del usuario.', 'UX/UI', 'C1: Validación; C2: Seguridad; C3: Documentación 67', '33333333-3', 'En Progreso');
INSERT INTO Funcionalidad (Titulo, Ambiente, Resumen, Topico, Criterios, Solicitante, Estado) VALUES ('Funcionalidad 068 - Nueva característica solicitada', 'Movil', 'Resumen de la funcionalidad número 68, busca mejorar la experiencia del usuario.', 'Seguridad', 'C1: Validación; C2: Seguridad; C3: Documentación 68', '22222230-0', 'En Progreso');
INSERT INTO Funcionalidad (Titulo, Ambiente, Resumen, Topico, Criterios, Solicitante, Estado) VALUES ('Funcionalidad 069 - Nueva característica solicitada', 'Movil', 'Resumen de la funcionalidad número 69, busca mejorar la experiencia del usuario.', 'Backend', 'C1: Validación; C2: Seguridad; C3: Documentación 69', '55555560-0', 'En Progreso');
INSERT INTO Funcionalidad (Titulo, Ambiente, Resumen, Topico, Criterios, Solicitante, Estado) VALUES ('Funcionalidad 070 - Nueva característica solicitada', 'Movil', 'Resumen de la funcionalidad número 70, busca mejorar la experiencia del usuario.', 'UX/UI', 'C1: Validación; C2: Seguridad; C3: Documentación 70', '22222227-7', 'Resuelto');
INSERT INTO Funcionalidad (Titulo, Ambiente, Resumen, Topico, Criterios, Solicitante, Estado) VALUES ('Funcionalidad 071 - Nueva característica solicitada', 'Web', 'Resumen de la funcionalidad número 71, busca mejorar la experiencia del usuario.', 'Backend', 'C1: Validación; C2: Seguridad; C3: Documentación 71', '22222229-9', 'En Progreso');
INSERT INTO Funcionalidad (Titulo, Ambiente, Resumen, Topico, Criterios, Solicitante, Estado) VALUES ('Funcionalidad 072 - Nueva característica solicitada', 'Movil', 'Resumen de la funcionalidad número 72, busca mejorar la experiencia del usuario.', 'Seguridad', 'C1: Validación; C2: Seguridad; C3: Documentación 72', '44444446-6', 'Resuelto');
INSERT INTO Funcionalidad (Titulo, Ambiente, Resumen, Topico, Criterios, Solicitante, Estado) VALUES ('Funcionalidad 073 - Nueva característica solicitada', 'Web', 'Resumen de la funcionalidad número 73, busca mejorar la experiencia del usuario.', 'UX/UI', 'C1: Validación; C2: Seguridad; C3: Documentación 73', '22222226-6', 'Abierto');
INSERT INTO Funcionalidad (Titulo, Ambiente, Resumen, Topico, Criterios, Solicitante, Estado) VALUES ('Funcionalidad 074 - Nueva característica solicitada', 'Web', 'Resumen de la funcionalidad número 74, busca mejorar la experiencia del usuario.', 'Seguridad', 'C1: Validación; C2: Seguridad; C3: Documentación 74', '44444442-2', 'Abierto');
INSERT INTO Funcionalidad (Titulo, Ambiente, Resumen, Topico, Criterios, Solicitante, Estado) VALUES ('Funcionalidad 075 - Nueva característica solicitada', 'Web', 'Resumen de la funcionalidad número 75, busca mejorar la experiencia del usuario.', 'Seguridad', 'C1: Validación; C2: Seguridad; C3: Documentación 75', '22222230-0', 'Resuelto');
INSERT INTO Funcionalidad (Titulo, Ambiente, Resumen, Topico, Criterios, Solicitante, Estado) VALUES ('Funcionalidad 076 - Nueva característica solicitada', 'Movil', 'Resumen de la funcionalidad número 76, busca mejorar la experiencia del usuario.', 'Seguridad', 'C1: Validación; C2: Seguridad; C3: Documentación 76', '33333333-3', 'Abierto');
INSERT INTO Funcionalidad (Titulo, Ambiente, Resumen, Topico, Criterios, Solicitante, Estado) VALUES ('Funcionalidad 077 - Nueva característica solicitada', 'Web', 'Resumen de la funcionalidad número 77, busca mejorar la experiencia del usuario.', 'UX/UI', 'C1: Validación; C2: Seguridad; C3: Documentación 77', '33333336-6', 'Cerrado');
INSERT INTO Funcionalidad (Titulo, Ambiente, Resumen, Topico, Criterios, Solicitante, Estado) VALUES ('Funcionalidad 078 - Nueva característica solicitada', 'Movil', 'Resumen de la funcionalidad número 78, busca mejorar la experiencia del usuario.', 'Seguridad', 'C1: Validación; C2: Seguridad; C3: Documentación 78', '55555560-0', 'Abierto');
INSERT INTO Funcionalidad (Titulo, Ambiente, Resumen, Topico, Criterios, Solicitante, Estado) VALUES ('Funcionalidad 079 - Nueva característica solicitada', 'Web', 'Resumen de la funcionalidad número 79, busca mejorar la experiencia del usuario.', 'Backend', 'C1: Validación; C2: Seguridad; C3: Documentación 79', '55555554-4', 'Resuelto');
INSERT INTO Funcionalidad (Titulo, Ambiente, Resumen, Topico, Criterios, Solicitante, Estado) VALUES ('Funcionalidad 080 - Nueva característica solicitada', 'Movil', 'Resumen de la funcionalidad número 80, busca mejorar la experiencia del usuario.', 'Seguridad', 'C1: Validación; C2: Seguridad; C3: Documentación 80', '22222226-6', 'Abierto');
INSERT INTO Funcionalidad (Titulo, Ambiente, Resumen, Topico, Criterios, Solicitante, Estado) VALUES ('Funcionalidad 081 - Nueva característica solicitada', 'Web', 'Resumen de la funcionalidad número 81, busca mejorar la experiencia del usuario.', 'UX/UI', 'C1: Validación; C2: Seguridad; C3: Documentación 81', '55555557-7', 'Abierto');
INSERT INTO Funcionalidad (Titulo, Ambiente, Resumen, Topico, Criterios, Solicitante, Estado) VALUES ('Funcionalidad 082 - Nueva característica solicitada', 'Web', 'Resumen de la funcionalidad número 82, busca mejorar la experiencia del usuario.', 'Backend', 'C1: Validación; C2: Seguridad; C3: Documentación 82', '44444449-9', 'Abierto');
INSERT INTO Funcionalidad (Titulo, Ambiente, Resumen, Topico, Criterios, Solicitante, Estado) VALUES ('Funcionalidad 083 - Nueva característica solicitada', 'Movil', 'Resumen de la funcionalidad número 83, busca mejorar la experiencia del usuario.', 'Seguridad', 'C1: Validación; C2: Seguridad; C3: Documentación 83', '44444441-1', 'En Progreso');
INSERT INTO Funcionalidad (Titulo, Ambiente, Resumen, Topico, Criterios, Solicitante, Estado) VALUES ('Funcionalidad 084 - Nueva característica solicitada', 'Web', 'Resumen de la funcionalidad número 84, busca mejorar la experiencia del usuario.', 'Seguridad', 'C1: Validación; C2: Seguridad; C3: Documentación 84', '44444444-4', 'En Progreso');
INSERT INTO Funcionalidad (Titulo, Ambiente, Resumen, Topico, Criterios, Solicitante, Estado) VALUES ('Funcionalidad 085 - Nueva característica solicitada', 'Web', 'Resumen de la funcionalidad número 85, busca mejorar la experiencia del usuario.', 'UX/UI', 'C1: Validación; C2: Seguridad; C3: Documentación 85', '55555553-3', 'En Progreso');
INSERT INTO Funcionalidad (Titulo, Ambiente, Resumen, Topico, Criterios, Solicitante, Estado) VALUES ('Funcionalidad 086 - Nueva característica solicitada', 'Movil', 'Resumen de la funcionalidad número 86, busca mejorar la experiencia del usuario.', 'Seguridad', 'C1: Validación; C2: Seguridad; C3: Documentación 86', '22222223-3', 'Abierto');
INSERT INTO Funcionalidad (Titulo, Ambiente, Resumen, Topico, Criterios, Solicitante, Estado) VALUES ('Funcionalidad 087 - Nueva característica solicitada', 'Web', 'Resumen de la funcionalidad número 87, busca mejorar la experiencia del usuario.', 'Backend', 'C1: Validación; C2: Seguridad; C3: Documentación 87', '22222230-0', 'Resuelto');
INSERT INTO Funcionalidad (Titulo, Ambiente, Resumen, Topico, Criterios, Solicitante, Estado) VALUES ('Funcionalidad 088 - Nueva característica solicitada', 'Movil', 'Resumen de la funcionalidad número 88, busca mejorar la experiencia del usuario.', 'UX/UI', 'C1: Validación; C2: Seguridad; C3: Documentación 88', '55555559-9', 'Abierto');
INSERT INTO Funcionalidad (Titulo, Ambiente, Resumen, Topico, Criterios, Solicitante, Estado) VALUES ('Funcionalidad 089 - Nueva característica solicitada', 'Web', 'Resumen de la funcionalidad número 89, busca mejorar la experiencia del usuario.', 'Seguridad', 'C1: Validación; C2: Seguridad; C3: Documentación 89', '11111116-6', 'En Progreso');
INSERT INTO Funcionalidad (Titulo, Ambiente, Resumen, Topico, Criterios, Solicitante, Estado) VALUES ('Funcionalidad 090 - Nueva característica solicitada', 'Web', 'Resumen de la funcionalidad número 90, busca mejorar la experiencia del usuario.', 'UX/UI', 'C1: Validación; C2: Seguridad; C3: Documentación 90', '22222227-7', 'Cerrado');
INSERT INTO Funcionalidad (Titulo, Ambiente, Resumen, Topico, Criterios, Solicitante, Estado) VALUES ('Funcionalidad 091 - Nueva característica solicitada', 'Movil', 'Resumen de la funcionalidad número 91, busca mejorar la experiencia del usuario.', 'UX/UI', 'C1: Validación; C2: Seguridad; C3: Documentación 91', '11111116-6', 'Resuelto');
INSERT INTO Funcionalidad (Titulo, Ambiente, Resumen, Topico, Criterios, Solicitante, Estado) VALUES ('Funcionalidad 092 - Nueva característica solicitada', 'Movil', 'Resumen de la funcionalidad número 92, busca mejorar la experiencia del usuario.', 'Backend', 'C1: Validación; C2: Seguridad; C3: Documentación 92', '44444448-8', 'Abierto');
INSERT INTO Funcionalidad (Titulo, Ambiente, Resumen, Topico, Criterios, Solicitante, Estado) VALUES ('Funcionalidad 093 - Nueva característica solicitada', 'Movil', 'Resumen de la funcionalidad número 93, busca mejorar la experiencia del usuario.', 'Backend', 'C1: Validación; C2: Seguridad; C3: Documentación 93', '55555557-7', 'En Progreso');
INSERT INTO Funcionalidad (Titulo, Ambiente, Resumen, Topico, Criterios, Solicitante, Estado) VALUES ('Funcionalidad 094 - Nueva característica solicitada', 'Movil', 'Resumen de la funcionalidad número 94, busca mejorar la experiencia del usuario.', 'Seguridad', 'C1: Validación; C2: Seguridad; C3: Documentación 94', '22222228-8', 'Abierto');
INSERT INTO Funcionalidad (Titulo, Ambiente, Resumen, Topico, Criterios, Solicitante, Estado) VALUES ('Funcionalidad 095 - Nueva característica solicitada', 'Web', 'Resumen de la funcionalidad número 95, busca mejorar la experiencia del usuario.', 'Seguridad', 'C1: Validación; C2: Seguridad; C3: Documentación 95', '11111118-8', 'Abierto');
INSERT INTO Funcionalidad (Titulo, Ambiente, Resumen, Topico, Criterios, Solicitante, Estado) VALUES ('Funcionalidad 096 - Nueva característica solicitada', 'Web', 'Resumen de la funcionalidad número 96, busca mejorar la experiencia del usuario.', 'Backend', 'C1: Validación; C2: Seguridad; C3: Documentación 96', '33333333-3', 'Abierto');
INSERT INTO Funcionalidad (Titulo, Ambiente, Resumen, Topico, Criterios, Solicitante, Estado) VALUES ('Funcionalidad 097 - Nueva característica solicitada', 'Web', 'Resumen de la funcionalidad número 97, busca mejorar la experiencia del usuario.', 'UX/UI', 'C1: Validación; C2: Seguridad; C3: Documentación 97', '33333338-8', 'En Progreso');
INSERT INTO Funcionalidad (Titulo, Ambiente, Resumen, Topico, Criterios, Solicitante, Estado) VALUES ('Funcionalidad 098 - Nueva característica solicitada', 'Movil', 'Resumen de la funcionalidad número 98, busca mejorar la experiencia del usuario.', 'UX/UI', 'C1: Validación; C2: Seguridad; C3: Documentación 98', '55555557-7', 'Cerrado');
INSERT INTO Funcionalidad (Titulo, Ambiente, Resumen, Topico, Criterios, Solicitante, Estado) VALUES ('Funcionalidad 099 - Nueva característica solicitada', 'Movil', 'Resumen de la funcionalidad número 99, busca mejorar la experiencia del usuario.', 'Backend', 'C1: Validación; C2: Seguridad; C3: Documentación 99', '22222230-0', 'Resuelto');
INSERT INTO Funcionalidad (Titulo, Ambiente, Resumen, Topico, Criterios, Solicitante, Estado) VALUES ('Funcionalidad 100 - Nueva característica solicitada', 'Web', 'Resumen de la funcionalidad número 100, busca mejorar la experiencia del usuario.', 'UX/UI', 'C1: Validación; C2: Seguridad; C3: Documentación 100', '22222228-8', 'Resuelto');
INSERT INTO Funcionalidad (Titulo, Ambiente, Resumen, Topico, Criterios, Solicitante, Estado) VALUES ('Funcionalidad 101 - Nueva característica solicitada', 'Movil', 'Resumen de la funcionalidad número 101, busca mejorar la experiencia del usuario.', 'UX/UI', 'C1: Validación; C2: Seguridad; C3: Documentación 101', '33333339-9', 'En Progreso');
INSERT INTO Funcionalidad (Titulo, Ambiente, Resumen, Topico, Criterios, Solicitante, Estado) VALUES ('Funcionalidad 102 - Nueva característica solicitada', 'Web', 'Resumen de la funcionalidad número 102, busca mejorar la experiencia del usuario.', 'Seguridad', 'C1: Validación; C2: Seguridad; C3: Documentación 102', '22222224-4', 'En Progreso');
INSERT INTO Funcionalidad (Titulo, Ambiente, Resumen, Topico, Criterios, Solicitante, Estado) VALUES ('Funcionalidad 103 - Nueva característica solicitada', 'Web', 'Resumen de la funcionalidad número 103, busca mejorar la experiencia del usuario.', 'UX/UI', 'C1: Validación; C2: Seguridad; C3: Documentación 103', '44444449-9', 'Cerrado');
INSERT INTO Funcionalidad (Titulo, Ambiente, Resumen, Topico, Criterios, Solicitante, Estado) VALUES ('Funcionalidad 104 - Nueva característica solicitada', 'Web', 'Resumen de la funcionalidad número 104, busca mejorar la experiencia del usuario.', 'Backend', 'C1: Validación; C2: Seguridad; C3: Documentación 104', '33333332-2', 'En Progreso');
INSERT INTO Funcionalidad (Titulo, Ambiente, Resumen, Topico, Criterios, Solicitante, Estado) VALUES ('Funcionalidad 105 - Nueva característica solicitada', 'Movil', 'Resumen de la funcionalidad número 105, busca mejorar la experiencia del usuario.', 'Backend', 'C1: Validación; C2: Seguridad; C3: Documentación 105', '22222226-6', 'Abierto');
INSERT INTO Funcionalidad (Titulo, Ambiente, Resumen, Topico, Criterios, Solicitante, Estado) VALUES ('Funcionalidad 106 - Nueva característica solicitada', 'Movil', 'Resumen de la funcionalidad número 106, busca mejorar la experiencia del usuario.', 'UX/UI', 'C1: Validación; C2: Seguridad; C3: Documentación 106', '33333338-8', 'En Progreso');
INSERT INTO Funcionalidad (Titulo, Ambiente, Resumen, Topico, Criterios, Solicitante, Estado) VALUES ('Funcionalidad 107 - Nueva característica solicitada', 'Web', 'Resumen de la funcionalidad número 107, busca mejorar la experiencia del usuario.', 'Seguridad', 'C1: Validación; C2: Seguridad; C3: Documentación 107', '22222221-1', 'Cerrado');
INSERT INTO Funcionalidad (Titulo, Ambiente, Resumen, Topico, Criterios, Solicitante, Estado) VALUES ('Funcionalidad 108 - Nueva característica solicitada', 'Web', 'Resumen de la funcionalidad número 108, busca mejorar la experiencia del usuario.', 'UX/UI', 'C1: Validación; C2: Seguridad; C3: Documentación 108', '33333334-4', 'Cerrado');
INSERT INTO Funcionalidad (Titulo, Ambiente, Resumen, Topico, Criterios, Solicitante, Estado) VALUES ('Funcionalidad 109 - Nueva característica solicitada', 'Movil', 'Resumen de la funcionalidad número 109, busca mejorar la experiencia del usuario.', 'UX/UI', 'C1: Validación; C2: Seguridad; C3: Documentación 109', '44444450-0', 'Abierto');
INSERT INTO Funcionalidad (Titulo, Ambiente, Resumen, Topico, Criterios, Solicitante, Estado) VALUES ('Funcionalidad 110 - Nueva característica solicitada', 'Web', 'Resumen de la funcionalidad número 110, busca mejorar la experiencia del usuario.', 'UX/UI', 'C1: Validación; C2: Seguridad; C3: Documentación 110', '44444441-1', 'En Progreso');
INSERT INTO Funcionalidad (Titulo, Ambiente, Resumen, Topico, Criterios, Solicitante, Estado) VALUES ('Funcionalidad 111 - Nueva característica solicitada', 'Movil', 'Resumen de la funcionalidad número 111, busca mejorar la experiencia del usuario.', 'Backend', 'C1: Validación; C2: Seguridad; C3: Documentación 111', '55555551-1', 'Cerrado');
INSERT INTO Funcionalidad (Titulo, Ambiente, Resumen, Topico, Criterios, Solicitante, Estado) VALUES ('Funcionalidad 112 - Nueva característica solicitada', 'Movil', 'Resumen de la funcionalidad número 112, busca mejorar la experiencia del usuario.', 'UX/UI', 'C1: Validación; C2: Seguridad; C3: Documentación 112', '11111120-0', 'Resuelto');
INSERT INTO Funcionalidad (Titulo, Ambiente, Resumen, Topico, Criterios, Solicitante, Estado) VALUES ('Funcionalidad 113 - Nueva característica solicitada', 'Movil', 'Resumen de la funcionalidad número 113, busca mejorar la experiencia del usuario.', 'Backend', 'C1: Validación; C2: Seguridad; C3: Documentación 113', '22222227-7', 'Resuelto');
INSERT INTO Funcionalidad (Titulo, Ambiente, Resumen, Topico, Criterios, Solicitante, Estado) VALUES ('Funcionalidad 114 - Nueva característica solicitada', 'Movil', 'Resumen de la funcionalidad número 114, busca mejorar la experiencia del usuario.', 'Seguridad', 'C1: Validación; C2: Seguridad; C3: Documentación 114', '55555558-8', 'Resuelto');
INSERT INTO Funcionalidad (Titulo, Ambiente, Resumen, Topico, Criterios, Solicitante, Estado) VALUES ('Funcionalidad 115 - Nueva característica solicitada', 'Movil', 'Resumen de la funcionalidad número 115, busca mejorar la experiencia del usuario.', 'UX/UI', 'C1: Validación; C2: Seguridad; C3: Documentación 115', '22222226-6', 'Abierto');
INSERT INTO Funcionalidad (Titulo, Ambiente, Resumen, Topico, Criterios, Solicitante, Estado) VALUES ('Funcionalidad 116 - Nueva característica solicitada', 'Movil', 'Resumen de la funcionalidad número 116, busca mejorar la experiencia del usuario.', 'UX/UI', 'C1: Validación; C2: Seguridad; C3: Documentación 116', '22222230-0', 'Resuelto');
INSERT INTO Funcionalidad (Titulo, Ambiente, Resumen, Topico, Criterios, Solicitante, Estado) VALUES ('Funcionalidad 117 - Nueva característica solicitada', 'Movil', 'Resumen de la funcionalidad número 117, busca mejorar la experiencia del usuario.', 'UX/UI', 'C1: Validación; C2: Seguridad; C3: Documentación 117', '11111118-8', 'Abierto');
INSERT INTO Funcionalidad (Titulo, Ambiente, Resumen, Topico, Criterios, Solicitante, Estado) VALUES ('Funcionalidad 118 - Nueva característica solicitada', 'Web', 'Resumen de la funcionalidad número 118, busca mejorar la experiencia del usuario.', 'Backend', 'C1: Validación; C2: Seguridad; C3: Documentación 118', '11111119-9', 'Abierto');
INSERT INTO Funcionalidad (Titulo, Ambiente, Resumen, Topico, Criterios, Solicitante, Estado) VALUES ('Funcionalidad 119 - Nueva característica solicitada', 'Web', 'Resumen de la funcionalidad número 119, busca mejorar la experiencia del usuario.', 'Backend', 'C1: Validación; C2: Seguridad; C3: Documentación 119', '11111119-9', 'Abierto');
INSERT INTO Funcionalidad (Titulo, Ambiente, Resumen, Topico, Criterios, Solicitante, Estado) VALUES ('Funcionalidad 120 - Nueva característica solicitada', 'Movil', 'Resumen de la funcionalidad número 120, busca mejorar la experiencia del usuario.', 'Seguridad', 'C1: Validación; C2: Seguridad; C3: Documentación 120', '44444441-1', 'Abierto');
INSERT INTO Funcionalidad (Titulo, Ambiente, Resumen, Topico, Criterios, Solicitante, Estado) VALUES ('Funcionalidad 121 - Nueva característica solicitada', 'Web', 'Resumen de la funcionalidad número 121, busca mejorar la experiencia del usuario.', 'UX/UI', 'C1: Validación; C2: Seguridad; C3: Documentación 121', '22222222-2', 'Cerrado');
INSERT INTO Funcionalidad (Titulo, Ambiente, Resumen, Topico, Criterios, Solicitante, Estado) VALUES ('Funcionalidad 122 - Nueva característica solicitada', 'Web', 'Resumen de la funcionalidad número 122, busca mejorar la experiencia del usuario.', 'Backend', 'C1: Validación; C2: Seguridad; C3: Documentación 122', '11111114-4', 'Cerrado');
INSERT INTO Funcionalidad (Titulo, Ambiente, Resumen, Topico, Criterios, Solicitante, Estado) VALUES ('Funcionalidad 123 - Nueva característica solicitada', 'Movil', 'Resumen de la funcionalidad número 123, busca mejorar la experiencia del usuario.', 'UX/UI', 'C1: Validación; C2: Seguridad; C3: Documentación 123', '44444442-2', 'Resuelto');
INSERT INTO Funcionalidad (Titulo, Ambiente, Resumen, Topico, Criterios, Solicitante, Estado) VALUES ('Funcionalidad 124 - Nueva característica solicitada', 'Web', 'Resumen de la funcionalidad número 124, busca mejorar la experiencia del usuario.', 'UX/UI', 'C1: Validación; C2: Seguridad; C3: Documentación 124', '22222228-8', 'Resuelto');
INSERT INTO Funcionalidad (Titulo, Ambiente, Resumen, Topico, Criterios, Solicitante, Estado) VALUES ('Funcionalidad 125 - Nueva característica solicitada', 'Web', 'Resumen de la funcionalidad número 125, busca mejorar la experiencia del usuario.', 'UX/UI', 'C1: Validación; C2: Seguridad; C3: Documentación 125', '55555558-8', 'En Progreso');
INSERT INTO Funcionalidad (Titulo, Ambiente, Resumen, Topico, Criterios, Solicitante, Estado) VALUES ('Funcionalidad 126 - Nueva característica solicitada', 'Movil', 'Resumen de la funcionalidad número 126, busca mejorar la experiencia del usuario.', 'Seguridad', 'C1: Validación; C2: Seguridad; C3: Documentación 126', '33333334-4', 'Resuelto');
INSERT INTO Funcionalidad (Titulo, Ambiente, Resumen, Topico, Criterios, Solicitante, Estado) VALUES ('Funcionalidad 127 - Nueva característica solicitada', 'Web', 'Resumen de la funcionalidad número 127, busca mejorar la experiencia del usuario.', 'UX/UI', 'C1: Validación; C2: Seguridad; C3: Documentación 127', '55555560-0', 'Resuelto');
INSERT INTO Funcionalidad (Titulo, Ambiente, Resumen, Topico, Criterios, Solicitante, Estado) VALUES ('Funcionalidad 128 - Nueva característica solicitada', 'Movil', 'Resumen de la funcionalidad número 128, busca mejorar la experiencia del usuario.', 'UX/UI', 'C1: Validación; C2: Seguridad; C3: Documentación 128', '55555553-3', 'En Progreso');
INSERT INTO Funcionalidad (Titulo, Ambiente, Resumen, Topico, Criterios, Solicitante, Estado) VALUES ('Funcionalidad 129 - Nueva característica solicitada', 'Movil', 'Resumen de la funcionalidad número 129, busca mejorar la experiencia del usuario.', 'UX/UI', 'C1: Validación; C2: Seguridad; C3: Documentación 129', '33333336-6', 'Cerrado');
INSERT INTO Funcionalidad (Titulo, Ambiente, Resumen, Topico, Criterios, Solicitante, Estado) VALUES ('Funcionalidad 130 - Nueva característica solicitada', 'Web', 'Resumen de la funcionalidad número 130, busca mejorar la experiencia del usuario.', 'Seguridad', 'C1: Validación; C2: Seguridad; C3: Documentación 130', '44444446-6', 'Resuelto');
INSERT INTO Funcionalidad (Titulo, Ambiente, Resumen, Topico, Criterios, Solicitante, Estado) VALUES ('Funcionalidad 131 - Nueva característica solicitada', 'Web', 'Resumen de la funcionalidad número 131, busca mejorar la experiencia del usuario.', 'Backend', 'C1: Validación; C2: Seguridad; C3: Documentación 131', '33333332-2', 'Resuelto');
INSERT INTO Funcionalidad (Titulo, Ambiente, Resumen, Topico, Criterios, Solicitante, Estado) VALUES ('Funcionalidad 132 - Nueva característica solicitada', 'Movil', 'Resumen de la funcionalidad número 132, busca mejorar la experiencia del usuario.', 'Backend', 'C1: Validación; C2: Seguridad; C3: Documentación 132', '11111116-6', 'Abierto');
INSERT INTO Funcionalidad (Titulo, Ambiente, Resumen, Topico, Criterios, Solicitante, Estado) VALUES ('Funcionalidad 133 - Nueva característica solicitada', 'Movil', 'Resumen de la funcionalidad número 133, busca mejorar la experiencia del usuario.', 'UX/UI', 'C1: Validación; C2: Seguridad; C3: Documentación 133', '11111116-6', 'En Progreso');
INSERT INTO Funcionalidad (Titulo, Ambiente, Resumen, Topico, Criterios, Solicitante, Estado) VALUES ('Funcionalidad 134 - Nueva característica solicitada', 'Web', 'Resumen de la funcionalidad número 134, busca mejorar la experiencia del usuario.', 'UX/UI', 'C1: Validación; C2: Seguridad; C3: Documentación 134', '11111116-6', 'Resuelto');
INSERT INTO Funcionalidad (Titulo, Ambiente, Resumen, Topico, Criterios, Solicitante, Estado) VALUES ('Funcionalidad 135 - Nueva característica solicitada', 'Movil', 'Resumen de la funcionalidad número 135, busca mejorar la experiencia del usuario.', 'UX/UI', 'C1: Validación; C2: Seguridad; C3: Documentación 135', '11111112-2', 'Cerrado');
INSERT INTO Funcionalidad (Titulo, Ambiente, Resumen, Topico, Criterios, Solicitante, Estado) VALUES ('Funcionalidad 136 - Nueva característica solicitada', 'Web', 'Resumen de la funcionalidad número 136, busca mejorar la experiencia del usuario.', 'UX/UI', 'C1: Validación; C2: Seguridad; C3: Documentación 136', '33333339-9', 'Cerrado');
INSERT INTO Funcionalidad (Titulo, Ambiente, Resumen, Topico, Criterios, Solicitante, Estado) VALUES ('Funcionalidad 137 - Nueva característica solicitada', 'Movil', 'Resumen de la funcionalidad número 137, busca mejorar la experiencia del usuario.', 'Backend', 'C1: Validación; C2: Seguridad; C3: Documentación 137', '11111118-8', 'En Progreso');
INSERT INTO Funcionalidad (Titulo, Ambiente, Resumen, Topico, Criterios, Solicitante, Estado) VALUES ('Funcionalidad 138 - Nueva característica solicitada', 'Web', 'Resumen de la funcionalidad número 138, busca mejorar la experiencia del usuario.', 'UX/UI', 'C1: Validación; C2: Seguridad; C3: Documentación 138', '55555558-8', 'Cerrado');
INSERT INTO Funcionalidad (Titulo, Ambiente, Resumen, Topico, Criterios, Solicitante, Estado) VALUES ('Funcionalidad 139 - Nueva característica solicitada', 'Web', 'Resumen de la funcionalidad número 139, busca mejorar la experiencia del usuario.', 'Backend', 'C1: Validación; C2: Seguridad; C3: Documentación 139', '55555554-4', 'Cerrado');
INSERT INTO Funcionalidad (Titulo, Ambiente, Resumen, Topico, Criterios, Solicitante, Estado) VALUES ('Funcionalidad 140 - Nueva característica solicitada', 'Movil', 'Resumen de la funcionalidad número 140, busca mejorar la experiencia del usuario.', 'UX/UI', 'C1: Validación; C2: Seguridad; C3: Documentación 140', '33333333-3', 'Cerrado');
INSERT INTO Funcionalidad (Titulo, Ambiente, Resumen, Topico, Criterios, Solicitante, Estado) VALUES ('Funcionalidad 141 - Nueva característica solicitada', 'Movil', 'Resumen de la funcionalidad número 141, busca mejorar la experiencia del usuario.', 'UX/UI', 'C1: Validación; C2: Seguridad; C3: Documentación 141', '22222229-9', 'Abierto');
INSERT INTO Funcionalidad (Titulo, Ambiente, Resumen, Topico, Criterios, Solicitante, Estado) VALUES ('Funcionalidad 142 - Nueva característica solicitada', 'Movil', 'Resumen de la funcionalidad número 142, busca mejorar la experiencia del usuario.', 'Seguridad', 'C1: Validación; C2: Seguridad; C3: Documentación 142', '22222226-6', 'Resuelto');
INSERT INTO Funcionalidad (Titulo, Ambiente, Resumen, Topico, Criterios, Solicitante, Estado) VALUES ('Funcionalidad 143 - Nueva característica solicitada', 'Movil', 'Resumen de la funcionalidad número 143, busca mejorar la experiencia del usuario.', 'Backend', 'C1: Validación; C2: Seguridad; C3: Documentación 143', '33333336-6', 'Cerrado');
INSERT INTO Funcionalidad (Titulo, Ambiente, Resumen, Topico, Criterios, Solicitante, Estado) VALUES ('Funcionalidad 144 - Nueva característica solicitada', 'Movil', 'Resumen de la funcionalidad número 144, busca mejorar la experiencia del usuario.', 'Seguridad', 'C1: Validación; C2: Seguridad; C3: Documentación 144', '44444447-7', 'En Progreso');
INSERT INTO Funcionalidad (Titulo, Ambiente, Resumen, Topico, Criterios, Solicitante, Estado) VALUES ('Funcionalidad 145 - Nueva característica solicitada', 'Web', 'Resumen de la funcionalidad número 145, busca mejorar la experiencia del usuario.', 'Seguridad', 'C1: Validación; C2: Seguridad; C3: Documentación 145', '22222229-9', 'Resuelto');
INSERT INTO Funcionalidad (Titulo, Ambiente, Resumen, Topico, Criterios, Solicitante, Estado) VALUES ('Funcionalidad 146 - Nueva característica solicitada', 'Movil', 'Resumen de la funcionalidad número 146, busca mejorar la experiencia del usuario.', 'UX/UI', 'C1: Validación; C2: Seguridad; C3: Documentación 146', '33333338-8', 'Resuelto');
INSERT INTO Funcionalidad (Titulo, Ambiente, Resumen, Topico, Criterios, Solicitante, Estado) VALUES ('Funcionalidad 147 - Nueva característica solicitada', 'Movil', 'Resumen de la funcionalidad número 147, busca mejorar la experiencia del usuario.', 'UX/UI', 'C1: Validación; C2: Seguridad; C3: Documentación 147', '22222226-6', 'Cerrado');
INSERT INTO Funcionalidad (Titulo, Ambiente, Resumen, Topico, Criterios, Solicitante, Estado) VALUES ('Funcionalidad 148 - Nueva característica solicitada', 'Web', 'Resumen de la funcionalidad número 148, busca mejorar la experiencia del usuario.', 'UX/UI', 'C1: Validación; C2: Seguridad; C3: Documentación 148', '44444447-7', 'Abierto');
INSERT INTO Funcionalidad (Titulo, Ambiente, Resumen, Topico, Criterios, Solicitante, Estado) VALUES ('Funcionalidad 149 - Nueva característica solicitada', 'Web', 'Resumen de la funcionalidad número 149, busca mejorar la experiencia del usuario.', 'UX/UI', 'C1: Validación; C2: Seguridad; C3: Documentación 149', '33333340-0', 'Cerrado');
INSERT INTO Funcionalidad (Titulo, Ambiente, Resumen, Topico, Criterios, Solicitante, Estado) VALUES ('Funcionalidad 150 - Nueva característica solicitada', 'Movil', 'Resumen de la funcionalidad número 150, busca mejorar la experiencia del usuario.', 'UX/UI', 'C1: Validación; C2: Seguridad; C3: Documentación 150', '22222222-2', 'En Progreso');
INSERT INTO Funcionalidad (Titulo, Ambiente, Resumen, Topico, Criterios, Solicitante, Estado) VALUES ('Funcionalidad 151 - Nueva característica solicitada', 'Movil', 'Resumen de la funcionalidad número 151, busca mejorar la experiencia del usuario.', 'Backend', 'C1: Validación; C2: Seguridad; C3: Documentación 151', '55555556-6', 'Resuelto');
INSERT INTO Funcionalidad (Titulo, Ambiente, Resumen, Topico, Criterios, Solicitante, Estado) VALUES ('Funcionalidad 152 - Nueva característica solicitada', 'Web', 'Resumen de la funcionalidad número 152, busca mejorar la experiencia del usuario.', 'Seguridad', 'C1: Validación; C2: Seguridad; C3: Documentación 152', '44444444-4', 'Resuelto');
INSERT INTO Funcionalidad (Titulo, Ambiente, Resumen, Topico, Criterios, Solicitante, Estado) VALUES ('Funcionalidad 153 - Nueva característica solicitada', 'Web', 'Resumen de la funcionalidad número 153, busca mejorar la experiencia del usuario.', 'Seguridad', 'C1: Validación; C2: Seguridad; C3: Documentación 153', '11111114-4', 'Cerrado');
INSERT INTO Funcionalidad (Titulo, Ambiente, Resumen, Topico, Criterios, Solicitante, Estado) VALUES ('Funcionalidad 154 - Nueva característica solicitada', 'Movil', 'Resumen de la funcionalidad número 154, busca mejorar la experiencia del usuario.', 'UX/UI', 'C1: Validación; C2: Seguridad; C3: Documentación 154', '33333334-4', 'Resuelto');
INSERT INTO Funcionalidad (Titulo, Ambiente, Resumen, Topico, Criterios, Solicitante, Estado) VALUES ('Funcionalidad 155 - Nueva característica solicitada', 'Movil', 'Resumen de la funcionalidad número 155, busca mejorar la experiencia del usuario.', 'UX/UI', 'C1: Validación; C2: Seguridad; C3: Documentación 155', '11111114-4', 'Abierto');
INSERT INTO Funcionalidad (Titulo, Ambiente, Resumen, Topico, Criterios, Solicitante, Estado) VALUES ('Funcionalidad 156 - Nueva característica solicitada', 'Movil', 'Resumen de la funcionalidad número 156, busca mejorar la experiencia del usuario.', 'UX/UI', 'C1: Validación; C2: Seguridad; C3: Documentación 156', '55555551-1', 'En Progreso');
INSERT INTO Funcionalidad (Titulo, Ambiente, Resumen, Topico, Criterios, Solicitante, Estado) VALUES ('Funcionalidad 157 - Nueva característica solicitada', 'Web', 'Resumen de la funcionalidad número 157, busca mejorar la experiencia del usuario.', 'Backend', 'C1: Validación; C2: Seguridad; C3: Documentación 157', '11111120-0', 'Resuelto');
INSERT INTO Funcionalidad (Titulo, Ambiente, Resumen, Topico, Criterios, Solicitante, Estado) VALUES ('Funcionalidad 158 - Nueva característica solicitada', 'Movil', 'Resumen de la funcionalidad número 158, busca mejorar la experiencia del usuario.', 'Seguridad', 'C1: Validación; C2: Seguridad; C3: Documentación 158', '11111117-7', 'Abierto');
INSERT INTO Funcionalidad (Titulo, Ambiente, Resumen, Topico, Criterios, Solicitante, Estado) VALUES ('Funcionalidad 159 - Nueva característica solicitada', 'Movil', 'Resumen de la funcionalidad número 159, busca mejorar la experiencia del usuario.', 'Seguridad', 'C1: Validación; C2: Seguridad; C3: Documentación 159', '55555556-6', 'Abierto');
INSERT INTO Funcionalidad (Titulo, Ambiente, Resumen, Topico, Criterios, Solicitante, Estado) VALUES ('Funcionalidad 160 - Nueva característica solicitada', 'Web', 'Resumen de la funcionalidad número 160, busca mejorar la experiencia del usuario.', 'Seguridad', 'C1: Validación; C2: Seguridad; C3: Documentación 160', '44444443-3', 'Cerrado');
INSERT INTO Funcionalidad (Titulo, Ambiente, Resumen, Topico, Criterios, Solicitante, Estado) VALUES ('Funcionalidad 161 - Nueva característica solicitada', 'Movil', 'Resumen de la funcionalidad número 161, busca mejorar la experiencia del usuario.', 'Backend', 'C1: Validación; C2: Seguridad; C3: Documentación 161', '22222224-4', 'Resuelto');
INSERT INTO Funcionalidad (Titulo, Ambiente, Resumen, Topico, Criterios, Solicitante, Estado) VALUES ('Funcionalidad 162 - Nueva característica solicitada', 'Web', 'Resumen de la funcionalidad número 162, busca mejorar la experiencia del usuario.', 'Backend', 'C1: Validación; C2: Seguridad; C3: Documentación 162', '11111115-5', 'Resuelto');
INSERT INTO Funcionalidad (Titulo, Ambiente, Resumen, Topico, Criterios, Solicitante, Estado) VALUES ('Funcionalidad 163 - Nueva característica solicitada', 'Web', 'Resumen de la funcionalidad número 163, busca mejorar la experiencia del usuario.', 'Backend', 'C1: Validación; C2: Seguridad; C3: Documentación 163', '11111114-4', 'Resuelto');
INSERT INTO Funcionalidad (Titulo, Ambiente, Resumen, Topico, Criterios, Solicitante, Estado) VALUES ('Funcionalidad 164 - Nueva característica solicitada', 'Web', 'Resumen de la funcionalidad número 164, busca mejorar la experiencia del usuario.', 'Backend', 'C1: Validación; C2: Seguridad; C3: Documentación 164', '44444446-6', 'Resuelto');
INSERT INTO Funcionalidad (Titulo, Ambiente, Resumen, Topico, Criterios, Solicitante, Estado) VALUES ('Funcionalidad 165 - Nueva característica solicitada', 'Movil', 'Resumen de la funcionalidad número 165, busca mejorar la experiencia del usuario.', 'Backend', 'C1: Validación; C2: Seguridad; C3: Documentación 165', '22222222-2', 'En Progreso');
INSERT INTO Funcionalidad (Titulo, Ambiente, Resumen, Topico, Criterios, Solicitante, Estado) VALUES ('Funcionalidad 166 - Nueva característica solicitada', 'Web', 'Resumen de la funcionalidad número 166, busca mejorar la experiencia del usuario.', 'Seguridad', 'C1: Validación; C2: Seguridad; C3: Documentación 166', '55555552-2', 'Cerrado');
INSERT INTO Funcionalidad (Titulo, Ambiente, Resumen, Topico, Criterios, Solicitante, Estado) VALUES ('Funcionalidad 167 - Nueva característica solicitada', 'Movil', 'Resumen de la funcionalidad número 167, busca mejorar la experiencia del usuario.', 'Backend', 'C1: Validación; C2: Seguridad; C3: Documentación 167', '55555553-3', 'Cerrado');
INSERT INTO Funcionalidad (Titulo, Ambiente, Resumen, Topico, Criterios, Solicitante, Estado) VALUES ('Funcionalidad 168 - Nueva característica solicitada', 'Web', 'Resumen de la funcionalidad número 168, busca mejorar la experiencia del usuario.', 'Seguridad', 'C1: Validación; C2: Seguridad; C3: Documentación 168', '11111116-6', 'En Progreso');
INSERT INTO Funcionalidad (Titulo, Ambiente, Resumen, Topico, Criterios, Solicitante, Estado) VALUES ('Funcionalidad 169 - Nueva característica solicitada', 'Movil', 'Resumen de la funcionalidad número 169, busca mejorar la experiencia del usuario.', 'UX/UI', 'C1: Validación; C2: Seguridad; C3: Documentación 169', '33333333-3', 'Cerrado');
INSERT INTO Funcionalidad (Titulo, Ambiente, Resumen, Topico, Criterios, Solicitante, Estado) VALUES ('Funcionalidad 170 - Nueva característica solicitada', 'Movil', 'Resumen de la funcionalidad número 170, busca mejorar la experiencia del usuario.', 'Seguridad', 'C1: Validación; C2: Seguridad; C3: Documentación 170', '55555551-1', 'Abierto');
INSERT INTO Funcionalidad (Titulo, Ambiente, Resumen, Topico, Criterios, Solicitante, Estado) VALUES ('Funcionalidad 171 - Nueva característica solicitada', 'Movil', 'Resumen de la funcionalidad número 171, busca mejorar la experiencia del usuario.', 'Seguridad', 'C1: Validación; C2: Seguridad; C3: Documentación 171', '11111112-2', 'En Progreso');
INSERT INTO Funcionalidad (Titulo, Ambiente, Resumen, Topico, Criterios, Solicitante, Estado) VALUES ('Funcionalidad 172 - Nueva característica solicitada', 'Movil', 'Resumen de la funcionalidad número 172, busca mejorar la experiencia del usuario.', 'UX/UI', 'C1: Validación; C2: Seguridad; C3: Documentación 172', '55555560-0', 'Abierto');
INSERT INTO Funcionalidad (Titulo, Ambiente, Resumen, Topico, Criterios, Solicitante, Estado) VALUES ('Funcionalidad 173 - Nueva característica solicitada', 'Movil', 'Resumen de la funcionalidad número 173, busca mejorar la experiencia del usuario.', 'Backend', 'C1: Validación; C2: Seguridad; C3: Documentación 173', '55555555-5', 'Resuelto');
INSERT INTO Funcionalidad (Titulo, Ambiente, Resumen, Topico, Criterios, Solicitante, Estado) VALUES ('Funcionalidad 174 - Nueva característica solicitada', 'Web', 'Resumen de la funcionalidad número 174, busca mejorar la experiencia del usuario.', 'UX/UI', 'C1: Validación; C2: Seguridad; C3: Documentación 174', '11111115-5', 'Resuelto');
INSERT INTO Funcionalidad (Titulo, Ambiente, Resumen, Topico, Criterios, Solicitante, Estado) VALUES ('Funcionalidad 175 - Nueva característica solicitada', 'Movil', 'Resumen de la funcionalidad número 175, busca mejorar la experiencia del usuario.', 'UX/UI', 'C1: Validación; C2: Seguridad; C3: Documentación 175', '11111120-0', 'Abierto');
INSERT INTO Funcionalidad (Titulo, Ambiente, Resumen, Topico, Criterios, Solicitante, Estado) VALUES ('Funcionalidad 176 - Nueva característica solicitada', 'Web', 'Resumen de la funcionalidad número 176, busca mejorar la experiencia del usuario.', 'UX/UI', 'C1: Validación; C2: Seguridad; C3: Documentación 176', '55555559-9', 'Cerrado');
INSERT INTO Funcionalidad (Titulo, Ambiente, Resumen, Topico, Criterios, Solicitante, Estado) VALUES ('Funcionalidad 177 - Nueva característica solicitada', 'Movil', 'Resumen de la funcionalidad número 177, busca mejorar la experiencia del usuario.', 'Backend', 'C1: Validación; C2: Seguridad; C3: Documentación 177', '33333333-3', 'Abierto');
INSERT INTO Funcionalidad (Titulo, Ambiente, Resumen, Topico, Criterios, Solicitante, Estado) VALUES ('Funcionalidad 178 - Nueva característica solicitada', 'Movil', 'Resumen de la funcionalidad número 178, busca mejorar la experiencia del usuario.', 'UX/UI', 'C1: Validación; C2: Seguridad; C3: Documentación 178', '55555552-2', 'Resuelto');
INSERT INTO Funcionalidad (Titulo, Ambiente, Resumen, Topico, Criterios, Solicitante, Estado) VALUES ('Funcionalidad 179 - Nueva característica solicitada', 'Movil', 'Resumen de la funcionalidad número 179, busca mejorar la experiencia del usuario.', 'Seguridad', 'C1: Validación; C2: Seguridad; C3: Documentación 179', '11111116-6', 'Abierto');
INSERT INTO Funcionalidad (Titulo, Ambiente, Resumen, Topico, Criterios, Solicitante, Estado) VALUES ('Funcionalidad 180 - Nueva característica solicitada', 'Movil', 'Resumen de la funcionalidad número 180, busca mejorar la experiencia del usuario.', 'Seguridad', 'C1: Validación; C2: Seguridad; C3: Documentación 180', '11111112-2', 'Cerrado');
INSERT INTO Funcionalidad (Titulo, Ambiente, Resumen, Topico, Criterios, Solicitante, Estado) VALUES ('Funcionalidad 181 - Nueva característica solicitada', 'Movil', 'Resumen de la funcionalidad número 181, busca mejorar la experiencia del usuario.', 'Seguridad', 'C1: Validación; C2: Seguridad; C3: Documentación 181', '33333333-3', 'Resuelto');
INSERT INTO Funcionalidad (Titulo, Ambiente, Resumen, Topico, Criterios, Solicitante, Estado) VALUES ('Funcionalidad 182 - Nueva característica solicitada', 'Movil', 'Resumen de la funcionalidad número 182, busca mejorar la experiencia del usuario.', 'Backend', 'C1: Validación; C2: Seguridad; C3: Documentación 182', '33333331-1', 'Cerrado');
INSERT INTO Funcionalidad (Titulo, Ambiente, Resumen, Topico, Criterios, Solicitante, Estado) VALUES ('Funcionalidad 183 - Nueva característica solicitada', 'Web', 'Resumen de la funcionalidad número 183, busca mejorar la experiencia del usuario.', 'Seguridad', 'C1: Validación; C2: Seguridad; C3: Documentación 183', '22222229-9', 'Abierto');
INSERT INTO Funcionalidad (Titulo, Ambiente, Resumen, Topico, Criterios, Solicitante, Estado) VALUES ('Funcionalidad 184 - Nueva característica solicitada', 'Web', 'Resumen de la funcionalidad número 184, busca mejorar la experiencia del usuario.', 'UX/UI', 'C1: Validación; C2: Seguridad; C3: Documentación 184', '33333339-9', 'Abierto');
INSERT INTO Funcionalidad (Titulo, Ambiente, Resumen, Topico, Criterios, Solicitante, Estado) VALUES ('Funcionalidad 185 - Nueva característica solicitada', 'Web', 'Resumen de la funcionalidad número 185, busca mejorar la experiencia del usuario.', 'UX/UI', 'C1: Validación; C2: Seguridad; C3: Documentación 185', '22222221-1', 'Cerrado');
INSERT INTO Funcionalidad (Titulo, Ambiente, Resumen, Topico, Criterios, Solicitante, Estado) VALUES ('Funcionalidad 186 - Nueva característica solicitada', 'Web', 'Resumen de la funcionalidad número 186, busca mejorar la experiencia del usuario.', 'UX/UI', 'C1: Validación; C2: Seguridad; C3: Documentación 186', '33333334-4', 'En Progreso');
INSERT INTO Funcionalidad (Titulo, Ambiente, Resumen, Topico, Criterios, Solicitante, Estado) VALUES ('Funcionalidad 187 - Nueva característica solicitada', 'Movil', 'Resumen de la funcionalidad número 187, busca mejorar la experiencia del usuario.', 'UX/UI', 'C1: Validación; C2: Seguridad; C3: Documentación 187', '44444447-7', 'Abierto');
INSERT INTO Funcionalidad (Titulo, Ambiente, Resumen, Topico, Criterios, Solicitante, Estado) VALUES ('Funcionalidad 188 - Nueva característica solicitada', 'Movil', 'Resumen de la funcionalidad número 188, busca mejorar la experiencia del usuario.', 'Backend', 'C1: Validación; C2: Seguridad; C3: Documentación 188', '55555552-2', 'Cerrado');
INSERT INTO Funcionalidad (Titulo, Ambiente, Resumen, Topico, Criterios, Solicitante, Estado) VALUES ('Funcionalidad 189 - Nueva característica solicitada', 'Web', 'Resumen de la funcionalidad número 189, busca mejorar la experiencia del usuario.', 'Backend', 'C1: Validación; C2: Seguridad; C3: Documentación 189', '55555551-1', 'Cerrado');
INSERT INTO Funcionalidad (Titulo, Ambiente, Resumen, Topico, Criterios, Solicitante, Estado) VALUES ('Funcionalidad 190 - Nueva característica solicitada', 'Movil', 'Resumen de la funcionalidad número 190, busca mejorar la experiencia del usuario.', 'UX/UI', 'C1: Validación; C2: Seguridad; C3: Documentación 190', '44444447-7', 'Abierto');
INSERT INTO Funcionalidad (Titulo, Ambiente, Resumen, Topico, Criterios, Solicitante, Estado) VALUES ('Funcionalidad 191 - Nueva característica solicitada', 'Movil', 'Resumen de la funcionalidad número 191, busca mejorar la experiencia del usuario.', 'Backend', 'C1: Validación; C2: Seguridad; C3: Documentación 191', '33333331-1', 'Abierto');
INSERT INTO Funcionalidad (Titulo, Ambiente, Resumen, Topico, Criterios, Solicitante, Estado) VALUES ('Funcionalidad 192 - Nueva característica solicitada', 'Web', 'Resumen de la funcionalidad número 192, busca mejorar la experiencia del usuario.', 'Backend', 'C1: Validación; C2: Seguridad; C3: Documentación 192', '11111118-8', 'Abierto');
INSERT INTO Funcionalidad (Titulo, Ambiente, Resumen, Topico, Criterios, Solicitante, Estado) VALUES ('Funcionalidad 193 - Nueva característica solicitada', 'Web', 'Resumen de la funcionalidad número 193, busca mejorar la experiencia del usuario.', 'Seguridad', 'C1: Validación; C2: Seguridad; C3: Documentación 193', '22222224-4', 'Resuelto');
INSERT INTO Funcionalidad (Titulo, Ambiente, Resumen, Topico, Criterios, Solicitante, Estado) VALUES ('Funcionalidad 194 - Nueva característica solicitada', 'Movil', 'Resumen de la funcionalidad número 194, busca mejorar la experiencia del usuario.', 'UX/UI', 'C1: Validación; C2: Seguridad; C3: Documentación 194', '55555556-6', 'Cerrado');
INSERT INTO Funcionalidad (Titulo, Ambiente, Resumen, Topico, Criterios, Solicitante, Estado) VALUES ('Funcionalidad 195 - Nueva característica solicitada', 'Movil', 'Resumen de la funcionalidad número 195, busca mejorar la experiencia del usuario.', 'Seguridad', 'C1: Validación; C2: Seguridad; C3: Documentación 195', '11111114-4', 'Resuelto');
INSERT INTO Funcionalidad (Titulo, Ambiente, Resumen, Topico, Criterios, Solicitante, Estado) VALUES ('Funcionalidad 196 - Nueva característica solicitada', 'Movil', 'Resumen de la funcionalidad número 196, busca mejorar la experiencia del usuario.', 'UX/UI', 'C1: Validación; C2: Seguridad; C3: Documentación 196', '33333338-8', 'Resuelto');
INSERT INTO Funcionalidad (Titulo, Ambiente, Resumen, Topico, Criterios, Solicitante, Estado) VALUES ('Funcionalidad 197 - Nueva característica solicitada', 'Web', 'Resumen de la funcionalidad número 197, busca mejorar la experiencia del usuario.', 'Backend', 'C1: Validación; C2: Seguridad; C3: Documentación 197', '11111117-7', 'En Progreso');
INSERT INTO Funcionalidad (Titulo, Ambiente, Resumen, Topico, Criterios, Solicitante, Estado) VALUES ('Funcionalidad 198 - Nueva característica solicitada', 'Movil', 'Resumen de la funcionalidad número 198, busca mejorar la experiencia del usuario.', 'Backend', 'C1: Validación; C2: Seguridad; C3: Documentación 198', '44444441-1', 'En Progreso');
INSERT INTO Funcionalidad (Titulo, Ambiente, Resumen, Topico, Criterios, Solicitante, Estado) VALUES ('Funcionalidad 199 - Nueva característica solicitada', 'Movil', 'Resumen de la funcionalidad número 199, busca mejorar la experiencia del usuario.', 'UX/UI', 'C1: Validación; C2: Seguridad; C3: Documentación 199', '22222223-3', 'Resuelto');
INSERT INTO Funcionalidad (Titulo, Ambiente, Resumen, Topico, Criterios, Solicitante, Estado) VALUES ('Funcionalidad 200 - Nueva característica solicitada', 'Movil', 'Resumen de la funcionalidad número 200, busca mejorar la experiencia del usuario.', 'Seguridad', 'C1: Validación; C2: Seguridad; C3: Documentación 200', '11111113-3', 'En Progreso');

----



-- Asignaciones


-- de Error


INSERT INTO Asignacion (rut_ingeniero, titulo_error)
SELECT rut_ingeniero, titulo_error
FROM (
    SELECT 
        i.RUT AS rut_ingeniero,
        e.Titulo AS titulo_error,
        ROW_NUMBER() OVER (PARTITION BY e.Titulo ORDER BY NEWID()) AS rn
    FROM Error e
    JOIN Ingeniero i 
        ON i.Especialidad LIKE '%' + e.Topico + '%'
) t
WHERE rn <= 3;


-- de Funcionalidad


INSERT INTO Asignacion (rut_ingeniero, titulo_funcionalidad)
SELECT rut_ingeniero, titulo_funcionalidad
FROM (
    SELECT 
        i.RUT AS rut_ingeniero,
        f.Titulo AS titulo_funcionalidad,
        ROW_NUMBER() OVER (PARTITION BY f.Titulo ORDER BY NEWID()) AS rn
    FROM Funcionalidad f
    JOIN Ingeniero i 
        ON i.Especialidad LIKE '%' + f.Topico + '%'
) t
WHERE rn <= 3;



